pb01,pb02,pb03,pb04,pb05,pb06,pb07,pb08,pb09,pb10,pb11,pb12,pb13,pb14,pb15,pb16,pb17,pb18,pb19
윤진혁,상큼남쑤,나순재,신*래,럽쏭,박*영,민순이,상큼아이린,Im지니어스,럭키짱v,푸른나무숲,꼬숭내,예민한미각,친절한링링,Agwee,이*은,샤날,HAAAAAA,한*혜
한*영,대박리뷰,신*경,tryh,미미엔젤,뿡류,예민한미각,로커스,나른하냥,퍄올,신*주,김민정,ABOCLUB,김*희,지앤지앤,보랏빛엽서,장백구,포레스트11,미키키
넘솔직하지,핑크베이비,무배특가,넘솔직하지,Lucifer,김*경,이*정,권*희,김*주,윤*현,권*명,장백구,유보경,빛날은,3star,늪,반짝슬이맘,꽃남매맘,봄봄엄마
신*림,박*주,휴우1234,메리와낭콩,샤날,솔직해라,진*영,샤르망슈슈,무배특가,쏘2야,과일요정,미스트블루,뮤토,김*아,김*선,서*환,지앤지앤,장*미,22살
박*주,블랙냥,김수현,똑똑한쇼핑,정*은,빨간머리앤,행복한딸기,하루베베,집노예도비,길*은,마시멜로다,박*진,콩이네집,솔직냥집사,장*영,김*옥,한*지,최*자,MysteryOf
킴여사님,나순재,최지연,남석엄마,홍*환,니모이짜,한*영,안*길,하루짱,이*주,쿠쿠쿠쿠하,또연,송*안,신*현,호큐,내가오니맘,다둥맘83,김*,삼손이누나
냠냐미양,꽃보다구매,스마일웃자,이*정,듀륏cherry,HolyCross,강*연,휴우1234,나순재,강쥐냥이,브니맘,김*랑,이*비,bball,박*옥,오늘도,박*영,cherry11,여*정
내돈내산찐,김*환,한*연,최*화,임*연,아기상어v,딸둘맘2016,크리티나,두만,김링,우*영,김*현,김*경,유*주,쁘띠걸,김*연,방크,송*애,이*숙
김지연,공주야주야,정*숙,사랑투윤,김*정,한*진,집노예도비,김*경,한*연,오리너굴씨,SkyCat,snowqueen,배지현,정*민,꼬마야밥묵,이*애,김*화,차민,강*숙
라뉘,서*민,다운힐요정,도경찡맘,노란잠수함,손*희,넘솔직하지,비글다섯명,1227,smilewme,이*영,박*미,랑비엘,박*경,지민맘,정*진,윤*내,김*연,황*정
아이럽유유,네오천사,캐비아,이*미,서*미,강*주,똑똑한쇼핑,정*금,어니맘,코코랑애기,구*나,이*훈,이*림,변*영,HaHa11,이*연,유*아,김*순,제갈종근
보석마미,정*호,전*민,정한맘,나순재,김*훈,박*화,박*호,티엠I,꿔쏴,강*희,장*희,휩쓸리다,이*주,강*정,김*현,은*승,임*정,김*우
메리와낭콩,럭키짱v,길한,썸mer,Joyflix,도경찡맘,선문촬요,양*정,진*영,전*슬,윤*미,최*선,쿠리미,수지장,수달a,김*혜,이*구,딸기베베,룰루롤롤로
이*미,김*선,김*모,진니챈니R,유*숙,양*정,ABOCLUB,이*주,크리티나,로니니,김*희,신*원,하수창,이*수,권*아,김아람,박*헌,곽*욱,차*미
Top500,보석마미,하루짱,싱이맘,서뽀사랑,민1012,yeonn,아지랑이,솔찌,이*하,송*영,김*나,정*정,고*주,이*화,김*정,뭉띠띠,카운트따운,이*서
jjang22,쿠르파앙,5iro,이*서,오*주,보석마미,진*주,아랑별,한*희,콩알0l,이*경,구*애,박*정,고*남,이*민,조*나,고*경,임*훈,이*정
박*화,까페타임,하얀딸기,꽃남매맘,전*정,P*A,예진엄마,우*하,강*정,이*숙,배*호,김*덕,이*건,우*선,조*영,권*정,심*정,한*연,이*옥
김*선,신*경,권*명,파이리v,송*람,뚜기뚜밥,아껴쓰자,HoHoHo맘,스경s,박*정,정*리,유*숙,마녀의여행,초코판다,임*일,탁*지,진*경,정*화,이루아
HOYA,절약주부,강쥐냥이,비글홧팅,김*영,쇼핑은도박,김*실,신*미,하*희,송*지,눈웃음짱,이*민,이*영,홍*정,조*철,허*석,이*점,이*희,오*지
초코커피,김*혜,다롱맘628,윤*한,김*지,비글홧팅,쏘2야,키큰친구,김*경,권*비,조*희,HIRMVLEN,최철원,김*숙,유*순,김*지,gayun6716,서*수,작은앙마v
김*,떵글뱅이,우*태,연소정,신*미,포도마미,말리0313,김*은,아름다우니,길한,안*미,전*국,정*자,고*정,더나은,이*경,윤*영,이*화,김*규
김링,김*,제니의하루,미니로즈,김*람,콩순이럽,토마토케찹,장*원,이*현,frankkkk,박*숙,권*준,김*비,조*민,노*리,도움이돼용,반짝반짝영,조*연,고*경
오소리홧팅,정*진,이*리,별별님,삐약2,온유베베,김*영,리로리르리,김*범,hm86park,김*혜,김*희,이*주,소곱창대창,김*영,박*은,빛으로물든,차*희,김*기
티엠I,이쁜별님,Renewel,이*민,설종기,백*현,오*정,최*늬,김*연,라햄,lovefish,유*경,손*희,김*송,배*아,오명숙,박*수,백*숙,이*호
초록미녀,욱찌,임*영,베키양,김루비L,최고의쇼핑,김*훈,이*실,김*화,김*주,마망드J,정*희,이*서,유*늘,양*규,조*경,웃음전도사,좌*희,박*민
가성비보이,현현파파,김*주,이*나,챔프와챔구,윤*한,김*현,강*란,최주연,챠밍밍,최*라,미쓰홍당무,최*희,김*기,김*희,미미29,조*진,도로롱동,쪼롱이
정길동,방방코스터,김*솔,신*용,인트제,전*,사랑투윤,김*곤,엄*선,문지현,박*미,디자이너앤,양*아,김*배,김*은,힙꽁,정*원,김*지,권*우
이*희,소보류,narang,반지름,y7e77,세빛쭌,잠실겸둥이,정*안,서*훈,박*승,윤*정,김*영,한*원,김*나,이*연,여니e,김*은,일등주부,최*인
탈*원,넬리쥬,박*선,김*정,과일요정,화니마마,Han86,강*라,황*희,박*현,박*순,윤*미,고*진,이*민,김*화,오*영,배*혜,최*희,서*미
이*기,서*채,둣거비,이*원,육아장인,쏘쏘이,허*지,이*옥,과일요정,Pig,김*란,김*혜,J*G,한주부님,꼬르륵,김*희,이*범,쩰리7,권*희
narang,꼬마카붕붕,신은정,LUls2,오*화,윤*영,박*영,김*국,심*석,도리뱅뱅,박*민,홍*주,유*정,키로,양*선,이*미,유*온,나이테21,박*연
MinimalN,박*선,쏘2야,이봄,윤슬기,배*영,메리와낭콩,와니벼리맘,쇼핑맨날해,이*온,김*규,한*희,이*성,김*혜,장*순,김규희,백*윤,푸린,주*아
이*원,뽀미뽀미맘,물먹는팬더,송*나,최*화,별별님,김*희,오*연,조*희,오렝지냥이,최*정,꽁이07,박*열,날래댁,이*정,가뿐,김*영,손*희,정*경
비글홧팅,이개,편*정,아이예뻐라,김*경,짱탄뿡,최*지,최*우,박*선,임*문,갬갬,고*우,장*연,이*영,피*화,구*정,이*봉,강*수,박*미
김하정,김*애,김*엽,하율맘,염*희,윤*민,장*숙,고*우,이*리,닉네임55,강*정,이*우,진*수,이*식,서*정,강*주,채*정,정*이,금피마르소
소*나,강*진,한*용,야뚱,여보세용,두더지여왕,홍여보마눌,송*경,정*빈,이*현,손*주,정*솔,리뷰한다,장*래,강*지,신*봉,강*기,서*지,뀽뀨꾸루꿍
남석엄마,안*정,리사리사,김*경,만듦쟁이,황*옥,이*윤,김*란,이*민,김*연,최*순,최*희,별린,박*철,박*연,이*늘,국*희,방*란,쟈니그랜마
김지선,아르르름,Bernard,송*화,김*솔,바니마미,성*모,곽*신,연두부,임*아,한*름,이*정,원*호,김*용,박*미,정*영,김*형,김*숙,김*연
노란고양이,잇츠쿠우팡,행복에나라,박*은,아직신혼,하랑mommy,이음e,초로밍,가가단,럭셔리강,강*숙,크리티나,권*진,조*숙,윤*진,도담댁,방*숙,윤*후,윤*수
쿠리부인,Lipsgirl,이*애,타르6mg,최*미,V럭키맘v,티엠I,최*은,신*리,한아름,김*주,오*인,방*은,최*숙,김*진,전*옥,김*정,문*희,허*주
Dohee,탁*지,송*옥,유미미,송*름,김*진,조*지,한*미,쏘쏘쏘쏘,김*영,토토니,안*정,gaeulyc,김*진,권*심,김*영,김*준,정*안,임*미
김*홍,김*정,조*림,오*희,상큼아이린,초*화,어린앙자별,손*리,김*정,강*샘,장칼국수,류*현,박*영,박*란,신*욱,이*희,이*숙,정*재,김*희
이*람,꽁야,손예지,한*정,조*람,김*희,최*정,김*라,배*정,박*화,한*현,수림정,이지선,갑을병정,Teddymom,오*민,조*희,정*진,김*미
임*영,김*현,jamjari,꽃님엄마00,우*영,박*한,키티사랑S2,송*정,이*영,장*희,염*롱,임*아,이*,최*혁,강*수,서*경,차*이,이*원,삐아삐아
프린스맘,이*찬,이*숙,편*정,박*리,이*람,반짝슬이맘,권*령,손*희,박*연,손*수,장*정,배*민,astonishin,손*숙,서*연,최*희,행복하자v,김*이
노*욱,전*철,이*원,이*숙,참이슬공주,함*진,구찌베니,포레스트11,박*임,이*미,정*옥,이*영,안*정,이*현,김*숙,김랄랄라,서*영,임*지,들깨
사용후기꾼,Minmini,송*슬,미니베이비,사용후기꾼,말리0313,우만동새댁,김*일,오*아,강*람,장*은,김*수,박*연,조*지,문*희,일등주부,박*은,꺄륵꺄르륵,차*나
연소정,강*영,유*순,쿡크다쓰,이*희,권*슬,김*은,김*정,이*주,김*경,안*학,저하늘꽃,김*연,김*선,Simon,권*진,유*경,김*현,강*희
뽀미뽀미맘,강*안,조*빈,김*심,정한맘,지*아,마음기쁨,조*주,달봉이지,최*아,ktgdugg,후았따쒸,정*숙,안*남,Smyang,최*미,박*숙,이*동,문*희
최*진,중간천사,이*성,이*주,이시도르,내맘니맘,그런사람,차연진,M*N,이*선,고*련,이*경,김*옥,지*아,황*림,최재현,신*주,김*미,허*지
지아지오맘,유*희,복도치,이*진,솔직헌,김지유,김*령,김*영,엄*익,김*지,김*민,이*현,김*영,김*영,황*은,클럽엔젤,장*화,솔비랑별이,박*용
y7e77,신*우,이헬창,유*정,엄*인,류재은,한*랑,민트초코v,이*은,김*민,황*미,유우라,김*서,정*화,김*옥,천추천이,김*옥,박*관,김*신
구름앙,황*주,이*우,소피루비,김*우,파푸맘,김*선,황*정,강*근,박*아,김*선,최*아,최*미,허*원,맞버리,최*네,김*현,문*정,염*은
김*숙,백*인,나는쌩얼,이*현,반지름,딸둘맘2016,조마녀,장*아,김*철,요미모찌,이*재,이*사,피넛블라썸,이*미,최*숙,최하나,신*정,이*도,김*숙
여행좋아,박*연,호랑이꽃,정*희,다없대,이*정,보아스0708,백*현,송*연,전*영,L*E,박*연,박*솔,김*더,수제쿠키,심*지,이*회,김*들,haea
황*강,강*연,김*영,모*원,김*미,김*은,배송감솨,강현미,이*서,서*한,최*희,김*미,왕밤팥빵,박*진,임*길,진*미,바나나피쉬,김*경,김*옥
살림퀸,정*민,정*정,꿈틀,박*윤,앵복,주부구매자,최*주,김진영,sweetie90,박*진,이*혁,성*아,강*주,방하착,염*숙,박*경,김*영,깜쩰뽀언니
김*경,싱이맘,최*미,김*연,유*진,김*영,김*경,박*현,김지연,허*경,임*철,최*순,신*현,이*진,옥*란,신*자,황*아,김*진,앵구리맘
이루시아,단*길,서*영,트리아,안*희,손*영,정*지,HAAAAAA,디시디안,김*래,솔직한세로,양*지,신*준,coolpanda,임*현,김*운,허*정,긔염도라미,김*현
김예슬,안*희,임*자,장*아,백*민,김*정,기분조아,사*경,이*미,강*경,이*훈,김*경,장*진,j4love,송*순,snowqueen,한*민,은안준,조*우
윤*,안*원,전*호,김*희,jjuuung,양*원,정*환,이시은,전*화,김*령,박*란,안*환,김헤세,이*순,최*희,안*현,최*은,임*나,봄이누낭
천년지애,양*진,김*지,최*기,조*진,정*규,빅토리아80,강아영,이*나,밀란쿤데라,조*숙,이*미,오*진,윤혀니,백*민,안*름,오*영,배*희,김*진
이*수,신*영,김집사님,말리0313,김*아,금은똥,꼬고마새댁,신*희,이*련,이*화,윤*숙,마눙,엄*섭,손*연,이*주,신*아,고*숙,민*영,박*지
문*권,우*숙,문*명,권*경,달콤스,다둥맘83,굴러가유,박*희,양*아,콩하우스3,송*현,배*균,정성스런삶,비니여우,박*준,박*해,조*광,신*철,fplove
행복우리집,이한희,삠이,찐2맘,시온잉크,최*락,이*임,윰뿌,유*경,김*비,박*영,김*명,강*원,한*남,장바구니꽉,김*용,임*,허*아,이명희
조*별,yurijii,이*현,박*나,박*범,행복우리집,황*경,정*훈,김*민,ggoma,공*헌,이*재,김*진,전*도,강*진,홍*진,조*영,이*영,김*아
김*한,박*정,시시,H*A,정*원,정민엄마,이*은,안*모,한*라,송*현,김*진,장*옥,젓가락쇼퍼,X*I,아진짜로,행복하세욥,신*연,이*주,이*선
신*경,뉴리바니,황*화,이민경,KFMA,지밍밍룽,레몬스퀘어,민*더,우*은,조*주,허*무,심*현,쿠팡실구매자,윤*원,이*미,오*아,배*숙,김*옥,레이디조안
정*안,한*은,냥들의침묵,조치탁,김*연,러블리희야,이*재,양*미,도롱도롱,집순이,이*용,김*숙,따순보리차,300,오예스굿,김*미,송은제,아프로뒤테,아잉쿄쿄a
강*미,포포2,김*원,최*영,하모모,오킹슈킹,이*현,김*진,김*훈,강*선,정*성,이*선,박*수,윤*애,황*진,공*희,김*랑,오*희,경단을냠냠
김*정,김*숙,워러,꽃다은맘,마하나임,변*은,뚜뚜야안녕,구*서,공주팡,김*숙,차*영,C*n,조*희,장*원,허*국,최*서,이*안,장*옥,윤*혜
별별님,강쥐냥이,샤날,최*환,오쁨,죠나,김소원,오*미,이*혜,강*지,김*미,김*은,문*빈,박*화,이*진,권*숙,스파트,김*호,임*현
권*름,피구레뚜,탁*희,지아지오맘,나뮤진,보규니맘87,Suey,오*정,박*두,고*라,박*매,차*아,최*진,오*주,지지마암,최*리,정*인,김*주,김*수
딸둘맘2016,jinopinion,유*정,코지코지,사자후,홍*일,VanillaLat,김*지,김*준,정*경,x깜장오리x,김*지,김*천,심*혜,신*정,기묘지니,최*욱,코코넛딸기,이*애
김*영,수다둥이맘,김*정,크리스틴M,문연지,전가온누리,정*은,구*연,여니e,김*윤,한*찬,김*화,윤*한,정*숙,이*심,이*제,박*순,권*민,정*엽
KFMA,wenrou,ssoohee,김*진,차*희,심씨네,민min,김*숙,남*은,이*진,이*화,이*규,박*기,오*연,권*주,박*미,이*영,권*희,쇼핑하쟝
김*미,이*현,위*인,김*현,쭈랑찌니,영이이모,권*영,정*선,내가보는나,클로이223,IamJJU,김*옥,윤*순,비타맨,김*칠,박*희,H*G,미소똑순이,이*영
전*옥,디자이너앤,이*연,지밍밍룽,이*림,러블리소망,양*진,조*은,전*민,유*영,구*성,ideal,Real리뷰,김*경,김*주,은자냥이,김*령,민*홍,클러버
조앤스,기도하는음,허*주,ARMY,행복까득득,조*영,윤*선,묘령,푸른나무숲,류*진,권*진,최*,탈*원,사아앙바,심*은,돈없쓰,윤*정,이*민,김*준
고*비,반지름,정*영,최*현,RESA,이*아,박*정,김*현,김*아,한*숙,김*종,김*기,원*연,유*진,김*수,백*원,황*덕,심플녀,김*리
조*현,엄마손파이,유*양,고*은,이*영,여름에빙수,송*경,김*리,둥글게살자,설*영,이*숙,채원찡,Eliin,박*현,새콩,배*이,신*림,유*희,이*남
김*혜,김*영,W*A,정*주,신은정,요미마미,닉네임안말,박*은,정*환,김*아,장*애,구*랑,박*웅,이*희,퐁퐁팡팡,Sara30,이로미,일지매888,문*나
서*혜,마이미니,유*숙,하랑mommy,노*선,안*심,김*슬,김*문,홓싯,신*영,오*화,유*회,이*훈,송*정,조*자,고*하,송*현,김*엽,김*정
하하하하호,넨코,김*경,전*연,김*열,김*연,김*화,정*재,뜡이,이*아,쑤니아,김*롱,이*호,박*연,박*언,곽*진,이*남,이*숙,임*정
나는야멍멍,박*숙,디자이너앤,J*I,김*삼,김*주,까만쿵,최*희,채*석,정*인,임*정,BDOWNER,김*이,j*a,이*림,박*영,해피녀,박*희,강*란
지우디우,요미마미,염*진,김*혜,초삐사랑해,마쉐리,Yurina847,빠방이,꼬꼬마천사,이*배,황*영,변*섭,문*성,강*미,김*정,장*석,김*신,프로자취ER,최*미
박*희,엘비나양,정*희,이*희,말코,박*연,금금금금,귀여운토깽,한*원,최*철,유*은,이*윤,김*야,무위,김*경,김*라,김*아,김*혜,송*주
권박사00,박*리,조*옥,마음세척,정민토리,쏘쏘쏘쏘,이*유,방*롬,세*,김*,주*자,백*희,이*우,유*내,김*환,김*슬,장*순,이*옥,조*옥
이*민,최*애,이*수,새끼곰엄마,박*하,송혜교언니,하모모,정*림,강*숙,김*인,후니주니,박*라,정*희,한*수,찌아니맘,이*영,T*O,김*화,한*은
HYZO,배*나,정*원,만수정,셔니보니네,김*지,김*아,안*림,방랑꾼,한*름,이*주,정*숙,고*희,김*미,고*향,이*우,백*혜,유연한뚱뚱,최*순
홍용기,우*경,이*은,우*영,REVEPARFAI,이*림,이*미,최*정,이*연,똔똔잉,심*진,박*아,박*현,차*경,장*원,조*선,쿠팡실구매자,안예은,박*희
이*옥,안*아,송*주,남*희,정*준,꽃녕,두두둥둥둥,변*연,김*희,제로준,장*화,이*열,민*람,신*혜,제*우,홍*지,정*화,빚갚으리오,표*희
김*윤,이*영,김*령,송*혁,김*라,빵떠기,박*현,문*미,이*진,이*영,이*옥,노*자,신*수,백*은,뽀탱,이*형,정*미,김*훈,곽*구
잇츠쿠우팡,강*민,황*영,정*혜,앵무집사,최*휘,최*진,장*선,장희주,이*정,이*순,정*자,김*헌,노랑72,양*비,오예별,윤*록,강*화,김*경
신*우,다없대,이*진,황*주,김지선,유니유니다,박*희,모*은,김*미,양*진,하을마미,쿠팡실구매자,김*은,전*영,이*희,이*실,정*희,윤*숙,박*하
최*현,샤날,김*직,박*희,김*환,렌씨,김*리,아리멍멍,조성래,유*진,백*현,이*혜,김*희,신*희,고*화,안*근,김*숙,하늘보화,전*준
유*선,최*미,라미라온,조*인,라지벌랄라,박*애,서*은,김*신,마하나임,꼴통2018,민*영,김*민,황*하,서*례,C*G,정*연,정*주,차*수,얄루루
jianmom,박*미,손*보,한*경,함*희,예양,김*윤,이*란,정*선,이*리,한*호,송*론,박*나,신*림,김*태,최*주,조*미,박*경,신*나
쿠팽여왕,이*리,지니11,박*연,우주공주,율아사랑해,관우수염,이*은,정*인,박*선,강*규,12시전쿠광,최*혜,문*주,권*정,이*윤,전*선,정*유,김*영
이*헌,문*미,토끼냥옹이,최*근,최*희,랑맘맘,제갈종근,이*경,깔다구,최*배,용득다연,도움이돼요,고*솔,노*주,오*희,이*진,김*주,정한맘,이*희
유*현,여*실,아이둘맘76,송*종,흑룡범이,jianmom,유*나,황*슬,유*진,가뿐,허공장,윤*정,최*영,양*영,유*상,유*은,고*길,김*남,박*진
박*연,이*훈,방*은,허*혜,최*주,박*지,조*숙,홍*진,사백이,박*지,남*숙,유*윤,강*영,인*숙,serena01,권오경,신*철,손*숙,안*진
최*도,이*연,임*진,박*미,쿺매니아,정*민,이*나,정*왕,강*현,손*지,정*우,양*화,225,김똘똘,김*방,박*윤,도*명,남뽀리,김하림
쏘쏘히,안*옥,차*애,이*명,조연희,방*원,이*호,권*은,이*정,김*희,정*정,서*리,이*윤,박*금,김*우,권*현,이*경,보리제리맘,나뮤진
배*선,김*주,감자수수,전*현,하얀진주,정*경,이*원,이*정,카테고리,김*정,박*균,유*웅,김*임,양*름,A*I,문*자,임*만,이*형,조*미
주부q단,정*숙,허*영,김*영,유유리,신*쁨,황*내,윤*은,둔,이*은,이*진,정정희,김*주,송*순,조*경,김*형,삼성,장*영,배*희
치즈야,김*화,흐김자요정,장*나,양*수,숙이러브,장*미,비누빈우,김*영,진*연,김*경,김*라,홍*래,만듀하마,배*정,나*리,신*영,전*창,이*주
정*,배*정,이*인,김*주,신*주,한*원,삼생삼세,김*희,양*화,정*영,따스한봄날,chesse,심*지,윤*정,박*희,윤*연,Hhjjn,홍*주,설*원
강무민,방*혜,정*선,박*화,자취생생존,조*인,아기밤비,전*준,임*섭,Clare,김*숙,임*자,전*은,아름이숲,오*정,장*진,장*숙,권*중,신*영
예예예맘,장*,투자가,사라오잉,이*임,윤*정,김*진,이*화,jju,양*현,김*향,손*경,예지그랜마,여*민,김*균,정*헌,서*규,장*심,이*진
공*경,narang,이*영,다둥맘83,박*라,오*은,kamillll,김*오,이*자,박*림,안*희,송*대,김*선,안*현,여*현,김*비,박*희,신*,윤*숙
김*민,최*경,박*현,유블리럽,wenrou,윤*연,이*선,민트수염,엄*숙,서*명,Wodebao,김*연,김*휘,서*경,신*승,최*림,이*호,이*혜,김*나
류*기,AngelT,찐루이,댕글댕글,이*정,강*빈,김*민,원*필,강*임,하하하지만,박*준,정*영,주*리,대박여인,권*연,맹*영,차*아,성*연,이*배
양*인,신*현,유*원,김*선,이*은,양*영,산타맘,임*정,김*숙,정*현,용*영,심*화,최*서,민*홍,쭌사마마미,이*석,누피바라기,최*빈,최*혜
오*주,C*A,마뤼,최*자,차*주,제영신,김*정,서*화,reve,고*선,이*민,김*순,쵸파야,신*,박*경,김*식,지*정,이*경,큰도토리
강*선,송*라,김*희,김*권,김*리,차*주,솔찌,노*영,원*영,우유맹맹이,장*정,이*언,seizedoday,탈*원,정*만,박*남,권*숙,최*미,장*임
정*환,진*훈,염*민,비너스루나,호두찡,이*진,김*지,이*영,MLOK,장*리,강*주,nanalia,고과장,최*순,김*훈,박*율,노*웅,김*헌,엄*정
김*자,이*희,송*연,이*훈,문*정,임*란,이*영,이음e,고*희,이*재,김*아,광야,이*나,진실마음,탁*주,선*인,박*우,최*영,김*하
임*윤,조*만,김*슬,이*영,이*현,노*나,김집사님,이*구,박*경,걱정마리,박*아,최*숙,오사쯔,최*주,JustJK,김*석,정*자,김*은,사철국화
박*은,박*은,길상유희,김*은,정*연,전*원,쭈루루옹,김*호,김*은,rrf,신세대중년,오*주,실명가리기,최*,임*신,김*민,김*수,최*교,문*수
심장폭격기,강*향,엘리님,정*선,뱃살부자,긔염도라미,디시디안,콩알0l,조*경,정*니,장*주,김*배,윤*현,우*화,이*귀,깐도토리,이*정,박*민,윤*민
정*영,천*미,조*나,박*정,안*경,김*혜,찌양,오*민,이*숙,지*영,김*수,김*들,조*현,곽*정,신*자,방*숙,김*희,김*모,유*숙
오*아,김*경,노*린,천사쭌,송*선,이*솔,김*라,권*옥,이*경,최*미,김*해,유*환,한*아,이*,최*실,심*진,문*령,김*정,이*미
뿅뿅뿡뿡,오*영,박*철,삼율짱맘,조미숙,유빈03,주*영,이*서,손*정,송이s,신*나,임*경,송*희,김*정,이*아,말랑물렁,이*혜,양*서,huuies
L*A,이*진,이*화,이*경,St루이비뚱,정*환,윤*영,정*영,김*진,노*정,박*혜,김*련,홍*연,송*근,채*아,이*화,최*경,오*영,전*롱
김*용,문반석,박*희,냥냥아,이*진,박*정,소비공주님,오*진,김*나,조*애,김*영,김*규,육*래,박*애,박*주,조*아,오*희,flowerfig,김*혜
김*나,유림이새기,최*원,석*인,장*진,도라에멍,이*자,이*숙,뚜뚜빠,한*리,이*윤,이*주,쇼기,백*연,김*솔,손자병법,Zoe819,최*강,박*신
김*람,추*경,자매맘85,조*주,핫트뿅뿅,이*규,손*윤,김*배,유*민,송*순,피노쿄,Gogo3311,김*라,전*해,장*아,박*연,전*옥,서*태,217번
밍밍밍밍뭉,이*애,이*제,엄*진,김*화,나비누나,최강미,배*비,최*윤,하v시맘,이*성,원*윤,데하카,윤*실,한*라,짱아쭈,주*화,류*라,나에별
송*현,박*완,최*영,조*영,최*철,이*희,84년생,오*혜,별이마미,Yiyi,시온어네,구*임,서*래,안*빈,박*영,장*선,김*근,정*연,클로이223
루시리엘,홍*경,박*영,최*금,나리는멍멍,핑크무지,성*해,김*후,신*정,들깨,곽*자,강*애,바이스,고*희,김*연,조*현,전*우,이*례,이*연
이*혜,유*란,백*미,아임유저,송*나,김명선,모*은,이*민,서*정,장*경,황*정,icecream,SRV1991,양*택,전*혜,이*분,박*,이*모,냠냐미2
신*규,김*희,이다희,럭키키,강*영,헤이헤이요,불만의여왕,민*아,핑크베이비,아진짜로,이*희,오*영,한*재,정*실,박*열,백*하,이*희,J*G,박*란
한*진,김*진,조*신,황*우,이*경,송*정,이*리,김*름,레드레몬,이*경,송*분,밤톨도토리,전*정,안*욱,첩혈쌍웅,장*혜,김*웅,성*희,박*화
정*미,앙블랑,김*현,권*희,남*연,배*은,허*정,W*N,망해도법,정*연,정*호,JO8,이*정,쭈니맘15,박*예,최*,권*순,신*수,정*선
Dnddnd,유*순,김*순,차*미,임*주,까꿍이맘,최*미,김*늘,윤*숙,김*혜,추*경,박*정,배*숙,반달여우곰,뀰머핀,쥬안,전*진,하*진,손*진
안*경,은아별,한*은,문*한,백*지,백*향,정*애,정*운,이*람,지*희,유*경,김*정,이*인,한*순,조*숙,강*혜,남*경,김*기,강*나
정*종,강*주,강*식,현*연,별별님,settin,이*쁨,문*,유*숙,김*진,박*별,빈뀨,DASA,박*국,야아아아옹,사고보자는,리뷰써볼까,윤*이,송이s
김*기,Corinne,이*희,푸히호히,dassima,서*희,이*주,정*규,김*선,서*철,임*련,삐돌와이프,진*미,최*학,박*빈,서*리,김*선,한*숙,심*은
오*호,조*진,박*미,권*승,이*민,손*은,유우자,김*실,박*희,김*신,조망고,홍단여우,우*,백*정,박*화,백지원,전*숙,이*석,오*연
김*주,로지0424,이*서,장*은,강*종,bandee,백*이,변*선,신*한,장*수,임*민,구*숙,박*상,이*숙,장*숙,서*복,서*진,이*율,김*주
정*혜,고*화,손*일,안*영,변*은,박*성,오*비,김*민,이*름,큐티트럴,여래심,린사모,백*나,정*연,이*슬,데리,서*동,조*주,이*림
뿌또,차*영,YOU1,이*열,신*연,오*아,정*솔,우*정,이*희,전*진,류*남,어*미,박*진,정*령,최*정,최*희,신*예,장*은,조*영
전*린,김*민,주*희,안*연,문*현,탈*원,안*경,배*리,Z*I,조*라,정*화,서*의,송*경,김*남,김*미,최*숙,한사,변*연,정*원
심*재,나뮤진,박*원,심*영,V*g,놓치면품절,정*정,최*진,박*민,조*빈,도*미,이*진,강민수,장*혁,손*라,오니옹이,남*리,송*호,찌증
장*원,최*윤,쑤긔,윤*혜,최*준,임*진,오*윤,이*후,진*수,허*미,김*섭,클리니,멍멍양,김*형,김*학,다은사랑맘,윤*솜,손*아,최*님
황금돼지해,심*길,이헬,조*숙,강*선,김*아,전*화,김*,미리미리,원*정,푸른하늘1,배*주,윤*아,안*숙,배*연,정*희,장*주,한*래,이*은
해냐,김*란,서*희,인*현,남*희,송파줌마,오*혜,오*록,최*희,전*연,이*수,고*임,이*민,이*나,노*희,김연주,고*희,이*정,푸른바다
김*은,배*옥,이*윤,정*은,강*명,박*기,정*연,양*영,정*경,박*영,박*래,황*성,장*훈,윤*은,권*름,김*숙,김*우,배*빈,우*진
제시카정,이*우,김*은,링컨맘,김*기,조*은,Jubilate,핑크여사,배*연,유유유12,전*숙,이동은,김*지,김*우,jws150603,miro0913,최*란,김*름,뜌기뜌밥
2인2견,차*희,이*경,이*라,윤*희,김*이,보통주부,임*선,양*영,김*선,서*임,임*옥,조*빈,권*향,김*원,조*혜,오*곤,양*모,정*화
이*진,범벅,김*진,환이가달린,파럴에난,클리니,송*종,최*영,j4love,민규엄마,장*혜,문*경,최슬기,백*,전*홍,홍*희,엄*영,최*준,최*실
윤*훈,이*화,김*비,33짤아줌니,유*일,중간천사,박*별,김*옥,한다신,초록이별,강*자,나*름,이*경,러블리양,박*혜,오*숙,홍*숙,주주야,경*진
규리왕자,서*원,차민,함*정,이*아,조*원,강*진,유*라,긔염도라미,김*미,조*래,김*자,김*정,유현하,옥*현,강*근,정*욱,백*석,배*은
임*경,박*경,박*진,임수민,Here,eeyore93,공,정*윤,박래빗,실버스프링,서*숙,이*화,윤*희,구*태,Lisa,최*현,최*혜,박*우,주*정
손*호,indigo1101,안*숙,박*교,김*령,예자매마미,양*현,허*영,ssoohee,미도리이로,배*희,홍*희,글자로말해,정*경,이*지,sun아이맘,장*욱,박*진,송*미
박*성,이*정,구*규,최혜진,김*희,목*아,저예요저요,정*화,김*혜,김*은,조*주,한*연,김*표,박*수,지*희,원*혜,조*환,이*현,김*윤
조*희,해주,온*영,민*정,정*민,아하네,이모쟁스,김현지,백공,조*심,주*진,박*영,라*희,서*운,원*영,정*애,허*빈,기린린,이*하
남*정,강*선,송*지,고*애,1111,캡틴튼튼이,자취어린이,장*영,아들둘맘맘,허*원,홍*주,석*훈,이*형,이*선,안*희,고*전,김*리,유*미,김현숙
김*규,장*원,임*이,손*진,김*스,정*림,안*나,박*범,우리찌니,S*N,김*연,박*실,단새우,김*홍,김*지,조*리,밤톨도토리,윤*탁,박*정
김*희,승쫑쫑맘,김*람,상품평종결,현이리뷰,김*래,설*선,김*비,까칠한OrOi,은*,코코니맘,푸른하늘1,최*섭,심*연,강*주,박*경,이*례,J*U,이*경
정*철,박*람,지우사랑단,진*영,박*복,상품평종결,개인적소견,이*엽,황*윤,이*민,정*,안*옥,주*미,허*아,쿠팡실구매자,김*환,최*상,임*연,김*은
반짝슬이맘,윤*규,배*옥,김*안,림s,MuYu맘,얼짱미맘,이*예,희망맘,Midal2,미소가득,강경자,김*완,조*향,박*수,구*태,김*미,박*열,조*현
김*식,도*경,오*석,송파줌마,황*운,후기쓴엄마,노*은,박*정,유*혁,이*나,유*숙,박*규,서*정,임*혜,안*혜,장*희,강*윤,유*애,권*하
으항항,임*섭,임*숙,옥*진,민*혜,황*주,박*란,백*순,해피타임2,유*순,한*숙,비츠,남*식,김*훈,직접경험,문*아,최*권,권*호,윤*연
집콕생활,박*자,장*숙,루루냐옹,김*재,안*렬,박*미,냠냠88,정*연,김*애,김*윤,변화,양*진,송*경,홍*빈,배*혜,박*성,정*현,한*주
테트리스형,늦은후기,여왕벌1,심*희,성*리,예성맘,나*경,백*민,송*옥,이*지,Sooj,박*은,JayJay,한*희,김*아,고*희,이*택,김*선,문*란
이*규,김*연,최*용,조*정,송*환,아라맘쏭v,닉네임55,이*미,현*선,이*연,김*순,임*주,소의,주*미,김*나,이*주,신*옥,최*서,차*자
별이마더,행복한뇌,신*숙,서영민준맘,뽀라뽀라,이*기,박*연,김*우,렘미러뷰,최*혜,전*리,김*산,박*은,김*현,하*림,홍*민,김*빈,서*미,정*혜
유*아,문*혜,꿍냐,정*숙,작토,이*주,손*진,kimsang90,최*영,심*호,오*이,박민하,김*록,정*정,손*원,이*복,박*윤,양*영,정*나
권*승,달님이용,복덩이엄마,김*숙,몽실얌얌,이*미,유*우,유*나,박*원,우*영,최*미,이*숙,Nudge,이*은,그묘,이*만,이*철,이*외,집
송*진,이*성,ronanam,신*항,뿌이뿌이붑,조*애,서*미,김*레,한*미,박*혜,유*구,서*희,행복우리집,박*희,하*주,정*나,이*미,남*희,요미누나
호랑이꽃,조치탁,김*석,김*미,강*숙,이*빈,유*이,김*연,변*름,최*화,윤*진,윤*현,장*혜,남*경,원*정,황*현,임*균,김*일,Fransua
김*순,신발끈,석*란,리마미,호호홓,커피13,장*정,김*나,맑고밝게,김*예,홍*은,김*애,배*권,원*주,이*영,한*순,장*종,손*석,이*임
네츄럴시월,정*연,김*찬,설*환,민*선,심*정,허*희,백*희,노*민,꿍꿍이1,조*진,안*희,조*훈,윤*우,문*정,김*나,황*정,줌마2,심*진
이*연,심*현,우크초에,홍*표,정*호,하*은,우라차,정*주,홍*희,기분좋음,김*리,남*경,배*아,권*영,윤*수,안*희,임*자,이*천,황*영
땅초코,어*미,고*영,kimsang90,정*희,조*림,김*림,최*민,김*지,추*미,송*희,후르츠멩고,쿠마롱,조*정,장*희,도*정,고송건,빠른배쏭,김*화
새벽장,권*윤,박*리,남*인,김*임,가시나야,홍*미,서*나,최*정,황*연,이*원,신*희,김*호,김*라,성*란,호*님,가지양,고*민,안*경
올리버닷,송*희,솜둥이,강*영,석*인,Z*E,조*림,한*정,전*옥,곽*영,김*이,홍*림,배*지,장*희,박*정,이*랑,서*일,윤*지,최*주
찜콩호야,임은수,미탈,임*영,lss,이중구,고*연,심*진,극락,허*림,황*희,김*리,김*아,김*,이*얀,김*진,조*호,정*평,안*심
김*진,z*i,박*형,박*이,임*옥,김*서,르르아르르,조*훈,안*영,박*미,이*양,박*준,박*신,홍*숙,은*선,이*배,행복하게잘,김*아,안*숙
변*미,주*은,myamyaro,임*주,오*아,동글이땡글,정*희,이*희,하품던지개,이*솔,구*철,김*서,이*희,오*규,박*규,손*기,정*감,조*진,박*현
소듕,차*은,서*정,민*기,임*혁,강*정,이*진,서*희,봉이봉이,이브와뱀,오*준,임*정,전*슬,은*연,조*형,전*빈,엄*중,한*규,무심a1
쿠웁파아앙,이은지,송*람,투율맘,박*연,하루은,김*랑,긍정파워맘,이*균,채*연,최*원,이*인,한*솔,쿠팡실구매자,박*향,임*묵,이*순,김*명,김*지
wooya,시욧이,이*자,안*림,공수레,진*영,배*숙,이*원,장*분,고*정,박*규,류*희,김*애,김*윤,유*현,송*현,민또니,김*군,전*월
이*은,서*,황*우,탈*원,김*주,전*화,임*주,이*수,홍*영,치즈달,이*애,Z*A,절임배추,유*미,강*슬,최*이,강*경,김*희,조*진
아지할멈,권*호,진짜진짜진,박*현,김*진,방*영,서*순,장*경,이*빈,카페인피카,이*호,킹맨119,조*라,김*금,김*홍,최*선,김*연,박*옥,최*철
윤*은,김*은,배*선,유*영,이*옥,별난별호,전*순,장*희,배*주,이생강,성*숙,양*희,권*현,김*실,정*은,오*희,한*환,황*호,이*지
유*정,김*언,잠언시편,김*들,유*선,zhang honglan,이*솜,최*혜,박*준,이*희,한*희,박*희,원*정,배*호,이*총,김*아,하*미,김*환,윤*화
만두감자,황*호,박*은,안*롱,임*희,장*정,박*령,이상호,방*,김*향,임*재,구*남,박*희,귀욤댕잉,정*희,유*영,박*정,변*현,장*진
김*강,고*진,윤*훈,김*나,솔지칸후기,김*균,이*,박*근,쨈보,김*솔,김*서,이*희,신*원,이*준,주*윤,은*선,Z*A,이*훈,허*희
박*경,권*지,이*지,디시디안,강*현,박*주,허*훈,안*진,전*은,이지예,J*a,이*은,박*찬,유*하,최*영,박*이,고*미,홍*영,그라지
bling블링,김리스,탄이누나,탁*희,오*윤,강*연,최*임,임*랑,황*라,꾸꾸꾸꾸까,임*랑,주*규,김*현,홍*선,윤*준,김*인,서*아,정*아,최*문
이*일,박*진,한*애,이*동,송*영,정*식,장*화,박*훈,양*상,오*비,이*표,이*순,닉네임뭐임,하*옥,박*은,정*숙,정*은,안*연,장*환
오민omin,한*혜,냥아치멍멍,김*림,기*자,윤*진,정*이,안*이,윤*아,정*주,정*아,오*진,정*언,함*선,Pocketmous,허*윤,이*목,김*윤,윤*영
최*윤,이*선,이*재,권*주,윤*주,이*자,하*연,채*엽,CJU,강*정,고*경,성*현,양*균,김*순,반*은,전*자,최*나,이*승,SUM
김*향,권*혜,박카스D,최*미,조*민,장*애,김*란,박*아,장*원,김*흔,최*숙,쏘시맘,이*석,윤*희,유딘,권*지,하*하,박*영,Louislim97
대박리뷰,배*영,샤라라랄라,전*라,박*진,마요요,민*경,배*인,전*관,정*진,안*애,송*현,김*수,이*정,망고트리,변*우,김*욱,최*경,박*은
권*범,최*욱,홍*정,김*수,Annueon,귀욤건이,이*연,오*영,있는그데로,장*선,권*만,원피스좋아,황*정,이*림,김*란,임*영,이*민,채*옥,방긋잉
최*경,민*우,최*자,김블리,최*중,장*진,배*희,김*식,강*석,린다정,박*신,권*정,손*민,임*진,tonight,박*선,김*배,민*기,장*이
문*석,감별사,김리스,안*건,장*지,김*림,정*휘,조*진,용*희,허*현,정*순,조*정,김*미,최*정,양지선,우*희,최*종,강*희,박*경
우만동새댁,한*진,한*람,장*비,김애희,박*교,후디,최*화,신*미,유*선,김*익,조*남,찌오맘,김*이,김*라,박*정,박*호,안*석,고*정
탕진의맛,배*희,뮤베리,유*연,문*옥,김지영,한*령,임*애,J*N,앤삐삐,손*애,홍*선,미니닝,이*아,박*지,이*지,진*희,전*희,sjm012131
전*주,김*호,김*화,신*선,꿀버뤼,송*선,탈퇴회원,박*윤,쑝쑝주부,밀이,성*경,홍*이,임*성,조*임,백*은,이정애,한*희,정*순,황*윤
긍정여신,박*향,이*옥,김*옥,이*호,yhor1208,이*수,송*호,유*희,오*미,이*연,이*준,홍*은,어몽스,황*숙,정*은,이*섭,이*순,웃기는짬뽕
최*은,이*란,최*지,한*진,강*라,이혜정,리버,이*현,박*정,임*애,김*성,조*화,이*수,미니돌이,이*근,신*이,양*영,윤*정,정*호
이*순,없는데요,한*희,한*영,이루밍,최*무,다당,윤*애,안*원,아라카라,서*영,최*화,문*진,한*이,임*은,김*향,김*구,유*선,천*재
이*영,앵구리맘,김*해,핫딜이여라,김*인,김*민,오*림,방*정,최*화,안*희,도*희,손*정,임*련,박*숙,정*훈,추*은,김*재,윤*호,김*민
최*희,요따,미삐맘,이*선,홍*영,김*라,송*영,선*영,박*훈,권*희,유*서,말그미,siriua,C*E,정*라,황*하,권*일,이*규,최*은
인둥이,송*준,권*임,이*연,여진상,정*연,윤*원,강*구,분홍젤리,정*원,구*혜,인*진,임*현,김*근,백*,나*주,범*형,빠나나나나,박*혜
성*심,후르느찹찹,찰싹찰싹,한*화,이PD,이*민,이*혜,서*영,김집사님,탈*원,조*현,유*실,이*미,안*경,허*래,신*혁,손*복,임*,J*i
취미가후기,빠방이,김*연,오*연,홍*화,조성운,이*희,박*미,행복하쥬,엄*원,황*현,왕*숙,URRR,이*남,차*희,배*승,C*N,박*국,민*화
안*미,우크초에,솔직칸립유,강*정,백*정,이*연,신*원,허*정,puna,조*희,김*식,박*해,강*수,박*이,서*희,최*훈,까미아빠,박*자,황*혜
휘가로,총총1234,홍*경,동안되자,열손가락,러블리큐티,임곤듀,박*나,임*현,연두블리,김*문,오*미,우*주,권*철,한*합,강*리,민*경,박*덕,강*실
유*언,모든감사,gurumiya,빈지호,맨시티우승,이*영,전*리,송*숙,유*영,이*혜,하*청,장*기,최*성,정*기,홍*람,긍정주는맘,박*자,식암유,구*화
P*A,장*솔,쿠럽,변*미,임*련,이*선,주*수,권*혜,김*수,노*리,민*남,탈*원,박*훈,한*주,임*희,신*정,한*수,이*진,공씨
윤*희,장*영,이*관,라떼샷추가,박*옥,이나리,쇼퍼바다,hellena,김*하,배*기,김*돈,우*옥,지*영,정*욱,이*애,김*이,스탈쑤기,최*임,오*영
정예리,H*A,임*정,공*철,발랄한아씨,권*미,고얌러브,장*호,박*열,계*미,권*민,서*정,김*구,양*규,김*윤,최*윤,김*순,고운네,김*인
안*원,퐝퐝퐝,지*용,토마토토,nn9858,박라라,정*화,차*혜,박*향,김*성,행복선아,엄통령,백*민,도*형,조*희,김주안,황*주,심*섭,아이시르도
최*식,아리몽몽,전*영,청소집착녀,임*선,투홍브라더,하*민,이*선,정*희,주*수,삐삐민트,고*미,오*경,한*정,유*숙,정*현,조*래,지*란,김*자
조*린,구*선,이*,우아한나,부산아제,김*하,장*지,THE,윤*진,장*원,김*철,김*아,허*석,고*윤,김*민,김*성,유*춘,송*정,오*비
J*N,한*희,박*린,sesanxue,윤*원,이*운,배*란,권*경,고뽀삐,최*경,김*헌,장*례,강*희,노*순,용*주,명*원,사*건,박*은,조*라
이*철,박*빈,임*향,조선팔도장,장*원,유*상,전*양,노*애,김*이,영짱이,박*희,파이란,김*윤,안*은,정*운,허*순,박*아,조*은,오*민
송*아,최*정,김*빈,sgy80,윤*지,라*아,오*경,한*화,이*임,최*연,홍*진,이*일,조*영,배*선,조*라,이*구,김*철,용향,꽃의나라
먹고쓰교,이*주,안*희,추*정,농농4,와플와플,김스카이,유*래,오*서,오늘도화팅,정*희,박*현,김*모,나*현,정*온,이*민,석*희,Napdoyu,허*언
나*혜,유*실,동원참치,장*석,moonshine,송*혜,윤찬희,조*섭,심장폭격기,김*나,능력자엄마,김*슬,김*기,김*환,전*자,천*진,이*자,정*선,유*선
김*석,라떼중독,삼손이누나,김*중,매화꽃0316,으누야,새벽갬성,이*의,박*진,성*은,임*우,김*재,뽀로롱뽀로,박*규,차*화,사랑맘love,최*훈,박*제,임*인
솔수르,찐후기쓸꽁,진*라,여*운,진*영,서*숙,운죽,정*라,김*안,오*정,박*은,공*진,홍*선,강*진,한*미,심*경,김*,박*연,이*수
이*신,miuu,편*선,이*애,김*숙,전*미,임*숙,임*준,다파언니,박*리,연*희,서*덕,문*숙,오*순,이*수,황*미,현*정,이*기,정*지
왕*숙,김*준,이*선,장*실,박*철,클린리뷰,박*,고*,손*리,최*정,정*주,프플라,김*성,박*권,황*성,호*미,최*우,이*자,서*영
오동이누나,강*천,김*미,박*혜,변*수,최*람,최*민,지*이,배*희,이*,임*영,우앵,최*형,lyh0102kr,손*순,jjeongjj,하*진,야룡횡소,현*자
반*진,이*아,진*희,limmi,장난아닌데,L*N,김*레,이*연,손*경,황*일,최*애,양*원,전*희,A*A,한*숙,이*숙,정*조,양*진,최*수
민들레맘,안*름,서*주,이*욱,신*운,정*혁,김*철,서*현,초코칡쿠키,리뷰봉봉,신*순,반*연,장*영,박*재,조은영,조*연,원*정,청춘고백,정*정
하*주,박*민,아가쒸,양*숙,민*정,딸S2아둥이,김*중,나*성,볼볼,고*민,김*자,고*희,정*원,이*화,황*희,송*진,조*옥,조*현,드미트리
mjeternity,riya,박*규,전*주,한소장,김자영,최*남,최*람,이*재,변*원,찡크,후후훗크,새콤달콤콤,박*정,김*리,이*인,어*미,엄*미,최*희
유*하,알럽마밍,루피앤,우*희,리밈,손*만,이*서,이*,정*은,한*애,뽀대수현,최*일,레몬케이크,S*I,신*예,왕*환,biigjo,홍*란,강*경
최*주,류스카이,과일요정,이*성,김*나,ccccccchoi,백*원,정*진,이*원,우*진,한*애,정*미,허*,이성미,정*영,곽예림,백*선,변*화,최*선
장*준,Gjw,김*혜,강*숙,배*진,대복맘,임*휘,꾹이맘,김*더,임*연,김*은,손*숙,윤*연,심*섭,오*빈,윤*아,ruby,이*수,쿠팡실구매자
라희89,박*,한*름,한*명,안*진,우*란,레이오,이*호,매일웃음,이모쟁스,김*환,서*례,최*연,최*연,이*현,박*순,홍*욱,추*진,신*정
J*I,김*인,최*숙,정*림,박*미,박*민,김*연,한이빈,탈*원,조*인,문*준,손*곤,노*범,안*범,마*서,성*지,장*정,노*정,애향이
정*석,성*경,J*I,수아현맘,윤*영,이*은,한*윤,차*진,박*옥,신*향,마린쓰리,고*자,임*주,최*진,채*희,배경은,난이쁘,양*화,전*진
최*정,조*희,가야금새,엄*영,정*란,이*형,고*선,유*하,권*경,황*람,유*선,박*경,권*경,김*집,이*훈,심*우,안*주,서*순,박*호
이혜정,하댕,이*이,솔트프리,지니지니진,이*석,신*혜,김*주,허*,제*선,최*빈,윤*훈,한*화,서*숙,김*하,오*솔,오*귀,조*지,더치라떼
김*성,유*인,문*미,J*U,서*희,전*연,윤*란,이*롱,김체린,강*영,김*교,구*연,전*경,조*미,최*란,황*림,손*숙,유*민,신*혜
김*현,박*영,장*재,박*영,홍*실,임*희,김*혜,최*미,손*원,김*옥,곰엔츄,정*런,남*윤,박*선,진*서,김밝은,이*란,정*향,보연선우
이개,김*석,어*림,송은주,김*수,한*이,장*영,양*연,망고짱,선*아,민*규,전*록,이*람,김*성,최*경,김*순,서*춘,김*민,박*자
하늘누나,헨느,기술이,서*진,박*실,배*한,이*경,임*영,허*숙,i리스,리향이,임*영,개빈,노*화,김*림,임*원,김*경,김*자,전*원
허*별,이*원,장*경,임*진,Z*I,박*아,박*은,윤*솔,Noblesse,고*록,JuniDa,유*화,최*식,최*경,만사귀찮음,고*선,이*록,김*례,조*희
전*진,연희로,조*수,권*은,성*희,전*영,손*희,송*화,공*희,Pakoojin,손*정,손*연,장*원,김*자,황*영,이*리,오*미,임*호,김*복
김*애,이*옥,스마일스마,최보금,에치네차차,임*수,또샀니또,김*해,김*현,노*주,이*림,이*옥,신*혜,박*기,한*일,오*호,하*연,이*환,김*람
모*자,고*형,박*화,오공이맘,라*환,한*름,Eil,달달냠냠,숲속의아침,옥*주,삐오나,신*숙,김*빈,김*리,홍*용,강*지,강*희,정*린,한*순
이*선,jamjari,임*현,이*화,백*나,오동상회,끙주,권*영,동자기,펜케이크,오*애,신*용,임*미,임*훈,황*서,손*민,J*U,정*은,정*자
변*선,인쇼20년차,C*A,김*지,나무숲,홍*영,정*숙,강*영,서*화,신*욱,노*욱,박*후,김*철,정*락,박*라,유미나,김*식,조*호,최*지
박*현,냥이발등,최*수,M*I,한*주,그레맘,남*진,차*정,문*연,areumi,손*태,최*은,윤*혜,송*호,4대닥스맘,채*미,엄*미,박*선,정*희
아하네,이*,이*열,이*래,강*관,김*나,포도인간,반*욱,박*자,윤*리,장*희,소미아재M,민*중,이*빛,최*혜,이*나,안*욱,정*숙,정*인
김*연,김*아,조*혜,정*영,김*혜,류*경,가성비따짐,신*주,문*경,박*은,권*경,송*정,한*미,엄*석,임*선,최*남,손*철,E엘스,정*순
오*정,정*현,김*라,당근주스,강*연,윤*지,친절한후기,조*순,정*미,문꿀오솔희,최*아,최*진,임*빈,김*원,윤*라,류*용,문*수,이*연,권*정
P*I,T*l,김*호,율우,조*영,안*현,박*아,백*미,이*규,최*희,이*근,정*현,양*연,정*형,아니이이이,김소연,최*윤,여*금,홍*숙
쿵푸팡,유*우,5월이다,민*영,박*선,듬뿍딸기맘,윤*정,손*선,권*혜,김*현,임*연,노*선,설탕이엄마,김*규,오*연,정영선,P*N,손*재,이*아
김*원,노*나,김*민,대나무숲,정*윤,일제불매,조*리,박*선,천*경,고고린,이*외,윤*래,하*석,정*필,최*진,이*기,박*령,최*,정*현
박*민,박*원,차*인,라미입니다,두코난맘,장*원,박*신,정*현,핑크보라7,맑음ee,이*정,정*선,이*연,안*란,째째루,민경호,선*정,김*회,뿌링클2
H*U,이*지,Corinne,송*희,박*자,편*은,정*우,배*원,신*희,성*영,클리니,윤*애,김*배,suh,탈*원,조*을,배*철,dpqls,랑뽁이
김*수,함*원,백*경,최*서,조*철,김*선,대저택스타,유*연,서*영,한*지,뭔고,신*영,윤*미,유*현,이*렬,쿠팡실구매자,유*연,장*현,홍*현
김*대,짜증난다잉,채*식,이*지,미간씨,꿍꿍꿍꿍,원*희,서*정,김*라,윤*진,박*구,김*유,그린우드,백합꽃,이*선,민*식,J*I,전*준,김*
JHANG010,월리엄,문반석,노*영,이*원,윤*,꼬꼬마토비,박*화,이*심,최*영,이*미,소*연,고*민,신*미,조*승,정*원,정미진,서*은,임*진
조마녀,권*동,와1008,이*리,서*영,정*진,뚜찌빠뽀,한*영,윤*님,듀공2,Hye님,유*연,조*성,양산맘,민*진,오*진,김*진,김*식,정*진
박*영,신*연,최*정,지지남매맘,박*주,최*아,노*아,김*선,오*복,푸른바다,노*주,김*소,정*호,수원님,최*례,한*연,밥통여왕,유*이,D*n
달봉이지,조*연,강*화,한스맘,한*희,박*봄,이*레,김*태,오*경,안*미,김*림,띠악이,배*나,박*은,최*연,이*정,박*덕,연*숙,신*은
하나루미,이*경,쩡여어사,박*만,로즈s,노*주,유*경,안*효,남도현,권*정,황*대,김*진,꼬꼬넨네,나나린,유*화,이*수,황*영,김*원,X*E
이*숙,최*나,신*정,노*주,조*애,정*은,고*정,계*리,민*미,유목인,오*희,송*승,황*호,박*리,우*화,강*영,김*자,오*은,김*애
임*애,윤*이,양*순,정*식,박*수,햇살가득얍,배*정,박*진,엄*윤,최*래,양*은,길*선,강*유,임*헌,완소녀,유*진,최*규,최*선,L*I
조*진,도*숙,정*경,한*름,성*연,이*현,서*영,강*우,박*화,권*민,유*호,김*림,yoon님,강*정,권*경,박*수,권*연,남*혜,박*영
오*민,김*재,윤*희,이*향,심*연,김*옥,문*희,강*희,박*영,정*명,오*석,P*G,문*영,이*연,이*경,이*남,조*형,정*희,정성희
최*아,신*용,황*경,X*G,양*진,섀*,찹쌀돼지,이*혜,황*모,권*준,최*필,차*화,김*원,유*옥,박*기,유*아,최*미,문*순,심*수
장*기,강*희,백*옥,김*롱,정*모,김*현,조*영,장*혜,신*균,Sherly,강*지,한*원,최*은,양*미,이*환,조*영,G*I,P*G,남*선
조은구매자,김*나,문*신,일제불매,강*희,조*라,박*지,박*숙,곽*빈,송*미,김*호,이*상,박*형,주*나,김*순,김*선,신*인,서*빈,홍*리
남*숙,임*주,채*진,항개,마*연,아들들셋,박*람,마*욱,도파민,셔니하뜨,문*자,양*숙,조*주,방*선,김*혜,허*빈,이*화,최*숙,S*a
조*옥,김*지,심*원,서*권,오*희,푸드몬,한*정,임*미,초승달77,조*영,김*욱,김소빈,문*주,류*열,박*나,정*경,김*한,박*정,곽*순
장*호,오*나,목련이,채*희,김*론,김*리,허*리,대치동뿅뿅,강*희,노을짱,이*이,유*선,황*림,조*삼,손*현,황연규,카와카마스,안*희,강*운
최*영,김*섭,남*아,최씨형제맘,김*원,박*이,유JI,강*연,노랑사자,김*더,박*향,J*G,한*경,신*경,미니미니7,김*름,전명화,이*유,도*순
심*연,강*라,손*옥,황*하,정*혜,오늘도로켓,정*별,조*민,한*민,장*숙,김*관,황*정,안*미,우*주,황*정,황*화,전*상,정*자,Z*I
강*정,서*경,꽃보다현아,오*아,안새요,쿠팡실구매자,조*비,안*연,신*윤,주*자,SparkMe,분홍오리,Bmom,임*희,김*효,금대리,김*호,skyish,윤*희
랑이언니,석*희,실리지니,유*진,박*희,박*승,류아민,김*림,이*수,박*경,조*성,평강,삼시오끼,쑥향,김*재,이*옥,안*진,김지숙,전*지
백*경,선별,이*균,허*영,김*윤,이뻐둥둥이,susie,솔향기37,이*림,한*진,유*용,임*숙,이*웅,함*숙,김*서,한*진,양*민,편*범,김*향
임*범,박*슬,최*호,김*향,배*직,허*해,정*혜,야망꾼,홍*준,강*서,러블리티티,안*미,정*재,김*란,박*양,조*원,이*빈,윤*수,H*E
권*미,샌더그랜맘,햇살좋은날,제주로켓짱,유*영,이*욱,한*임,부산마미,수H양양이,맛집요정,심*화,정*아,MR단비,윤*연,윤*석,장*영,유*정,복*미,이*현
박*아,김*하,누미누밍,우*진,착했던맘,이*순,김*일,김*미,김*대,노*영,채*정,일지매888,박*표,구*주,홍*지,임*현,이*연,S*I,임*호
권*명,신*배,프뢰벨,어여공,솔직냥집사,정*선,신*경,서*들,조*후,황*희,정*숙,정*설,김*민,조*례,염*주,이*성,장*영,조*일,정*훈
윤*영,박*현,숲속의아침,변*순,황*연,J*G,김*람,손*영,9988,박*필,이*자,민*아,kiweeh,한*름,꾸꾸애미,안*금,윤*환,성*주,진*영
몸짱3대500,정*수,신천사,신*미,권*정,신*혜,권*연,hong0909k,곽*윤,햄니얌,박*옥,R*G,김*내,유*기,박*진,김*구,로켓프레쉬,임*경,전*순
김*지,가성비매니,고*정,강*음,wkixhx,엘리사벳27,이*래,신*을,EBBO1004,구*본,이*선,배*신,cre,권*화,한*희,연*주,bettylove,560,방*인
오*선,이*락,양*경,윤*경,H*G,0아맘,행복한뚱냥,황*화,우*원,이*수,임*경,장*환,서*교,NAAAM,탈퇴회원,이*라,김*엽,장*순,리아스
유*일,오*희,양*연,김*름,한*수,쪼꼬미워니,서*정,현*기,권*아,나무다,권*리,남*숙,권*남,김*식,서*원,문*식,옥*순,쿵푸팬더맘,이*민
임*민,최*용,문*현,고*아,클래시카,송*주,김*하,라떼홀릭,송*경,백*영,시골아이,임*민,염*록,정*이,박*인,배*환,이*임,oIN유리NIo,김*란
후르느찹찹,강*숙,김*철,쿠방구매자,박*우,윤*은,달솜사탕,김*예,장*미,죄니,김*건,송*숙,김*래,김*람,김*신,정*아,권*향,이*운,양*정
최*준,초록잔디,김*기,신*영,오*숙,이*숙,정*주,유*희,전*학,이*향,양*신,서*재,오*서,김*주,김*령,윤*미,푸우O,정*운,신*애
이*우,황*찬,박*지,설*희,배*임,최*혜,최*주,최*나,레서판다,구*경,정*진,최*애,강*지,김*수,김*현,장*래,채*미,아아우우,안*현
하*성,솔직한구매,김*광,안*철,엘카엘레나,hyesun0324,첼로쿡,유*진,지*하,Hahmhh,변*기,김*란,서*선,유*수,남*희,장*수,수푸리모,시크릿7,전*경
윤태훈,김*태,시온어네,이*옥,쿠르파앙,우*희,피넛블라썸,크앙티라노,이*순,박*진,권*정,김*완,정*아,고*옥,강*현,권*영,오*애,박*미,권*주
라떼샷추가,강*우,이*주,서*경,김*자,쭈러기,손*호,이*나,김랄랄라,예뻐서,이*,허*혜,정*선,선*원,안*실,강*형,미카엘설현,정*나,안*영
방*영,민*경,밤토리엄마,송*혜,문*숙,지영림,권*사,배*직,한*은,Pingco724,정*철,공*랑,건강한9292,현*희,쿵투더짝,김*수,정*정,뚜뚜타요,차*경
송*명,방*정,권*옥,박*철,잠언시편,오아리,하*명,선*옥,유*수,손*림,김*붕,최*봉,김*국,유*임,오*윤,김*기,이*은,송*휘,최*우
정*목,하루Diary,라니v,앤셜리,김*석,솔직줌마,정*현,쿠팡실구매자,박*수,이*근,황*섭,이*서,윤*용,노*정,서*령,L*n,주*자,최*록,조*이
박*신,홍이네,김*남,송*아,이*연,정*롱,홍*윤,드류베리주,시원한후기,안*숙,임*숙,이*례,원*윤,정*영,윤*혜,김*내,황*연,송*진,서*연
주*은,천*옥,bighamstar,지*림,장*영,이*태,te,S*A,뚜니룬,S*U,홍*석,장*연,고*영,강*경,서*숙,김*은,조*현,최*은,J*A
손*영,이*빈,추*기,정*아,손*진,진나마미,쿠르파앙,엄*비,최*미,강*우,예린띠,오*욱,고*지,류*혁,황*화,황*희,황*화,홍아지,최*옥
배*미,김*비,관수,연*리,X*N,밤톨맘0920,우*민,장*지,우*화,권*윤,금*임,김*임,qop,윤*환,강*선,김*란,H*O,김*열,권*남
최*숙,간짜장좋아,박*혜,지*정,다다밍,노*,감별사,찐살림녀,김*남,최*애,최*,이*림,이*선,조*희,차*진,한*숙,안*숙,고*연,yuki83
주부무민,달다걸,박*하,차*혜,이*주,aug0,신*정,고*원,고*태,성*혜,왕*경,신*수,금*리,송*빈,주*희,나*지,유*숙,Q*U,J*N
박*혁,손*혜,한*욱,아싸리천사,스탈리쉬,권*곤,양*정,김*애,한*문,박*민,콫님이,유*성,박*경,홍*순,박*란,조*기,임*연,권*성,강*용
박*재,한*이,권기성,쿠팡실구매자,민들레맘,샐리키키,허*선,박재현,밸라라,권*연,안*근,강*자,문*민,성*영,김*호,좋아요오옹,Klm,장*란,오*현
심*영,이*인,조*영,서*혜,김*민,아들둘줌마,최*환,윤*영,jamjari,푸바오,NBSL,김*윤,Nofilter,천*애,진*영,최*환,날렌거북이,양*라,쪼매니
문*라,장*경,조*숙,김*이,하*춘,박*원,김*미,한*대,김*윤,남*주,문*의,서*영,엄*근,최*화,이*비,이*순,손*희,김*더,송*숙
조*경,쪼쪼쪼쪼쪼,나*복,크크숑,장*,김*인,오*현,조*율,강*화,올비아,이*복,테스트완벽,박*주,진*,이*순,이*해,정*만,이*남,전*숙
돌콩맘,이*용,냥코선생,강*태,조*혜,장*호,반*경,황*호,홍시방시,이*원,박*철,박*나,남*라,조*형,박*아,이*현,J*G,장*림,박*균
시작하는,꿈꾸는나,애교짱2,와인사랑,박*욱,최*란,오로라라,조*경,박*현,류*주,김*원,Redhair,엘네오,안티푸라,이*이,노*우,강*주,이*필,황*조
김*태,네코냥,박*호,박*솜,정*명,배*희,유*지,윤*선,박*신,나*엽,까까머,신세대중년,손*현,김*엽,하*송,윤*화,김*교,김*하,임*란
장*화,이*준,장*원,최*선,오*민,박블리v,박*경,정*정,정*란,남*순,만복님,이*애,jhlee,K리나,이*기,원*준,옥*진,배*은,강*순
이민기,황*홍,유어마인,서리닝,윤*후,권*화,고*,강*원,이*아,뭐어쩌라곸,박*복,허*재,주*성,김*오,유낼,이*곤,이*석,마*슬,송*규
줘니짠짠,정*윤,이성진,은원솔맘,송*지,기특맘,정*교,황*교,김*란,허*숙,은*미,윤*주,햄니얌,띡박,이*라,정*정,ds찰리,깐깐한촌늠,남*현
이지예,김*실,김*준,김*규,선*규,신*영,뽀으닝,강*숙,J*A,차*나,불랙다이아,권*경,성*찬,강*영,luvgmjw,강*정,한*경,전*대,황*환
홍*옥,김동니,곽*미,우*정,친절한링링,김*미,문*경,김u,이*기,지*란,손*화,Lee시연,박*림,곽*선,이*숙,신*경,서*연,권*정,민우찡
슈츄부부,하*희,임*서,배*나,김팔춘,뿡뿌욱,최*연,김*화,황*애,jennie16,이*혜,최*원,라잌잇,Lulurala,조*선,정*혁,보노노11,Choibanya,김*매
sonagi,옐로v,양*혜,김*애,강*한,윤*일,남매맘미카,ox채여사xo,한*숙,한*희,고*평,이*채,피곤한직딩,최*묵,김*남,정*윤,추*경,쿨내쩜,최*삼
여래심,이*수,나*욱,RANO,현맘의하루,이*실,강*정,MR단비,이*훈,요미누나,고*환,이*실,남*선,구*숙,윤*노,엉뚱여사,이*애,이*이,별빛나무
김*길,맑고밝게,유*진,오*숙,HUA,윤자매엄마,성*희,박*순,임*진,조*연,나*정,공*지,방*겸,설*진,전*은,윤*희,김*름,우*하,장*연
Mozzi마미,탁*은,장*미,박*욱,최*지,이*화,윤*희,남*선,박상현,류*경,소*환,Q*G,김*,조*자,황*리,복*이,최*원,정*갑,
이*성,오징어비싸,배부르다,송*진,서*용,김아윤,장*희,셋은없다,송*영,오*순,윤*영,김*겸,윤*경,김*은,서*지,김*화,박*애,박*형,
소*은,강*이,sangchym,하늘20,박*은,이*,조*정,김*솔,박*완,토끼00,임*원,문*이,정*혜,박만출,우*정,백*훈,서*선,정*원,
경*영,한*원,H*I,이*용,김*애,해피율무,서*희,황*만,알뜰살뜨을,전*욱,김*형,X*U,사자후,안*석,강*실,성주현,차*호,팽다,
김*찬,원*주,최*선,강*진,허*남,권*선,이*민,진*영,신*영,김*실,최*윤,jk00,민*희,박*영,권*진,이*란,y*i,김*균,
한*희,송*섭,하*경,윤*나,장*은,김*국,김아름드리,문*경,김*산,이*언,현*순,장*용,정*리,김*연,정*민,김*태,양*준,윤*윤,
고*량,최고존엄,마라톤,윤*희,공*희,33짤아줌니,이*숙,장현실,백*은,박*윤,김*곤,강*희,강*진,황*원,주*빈,임*아,이*주,xm,
쿠우우팡짱,이*철,박*윤,anmom,강*지,최*영,서*라,조*연,배*순,조*규,오*수,임*연,박*자,Happymam,변*주,한*희,이*슬,C*U,
와이키키,최*은,박*상,김*람,최*숙,최*비,올드캐비넷,쇼핑맘쓰,최*빈,장*영,전*희,황*희,크래커,유*헌,윤*현,안*선,김*관,이*은,
이선영,샤랄라j,실롱,오*선,착한어무이,요모조모로,소온83,박*우,신*옥,서*원,이*후,쵸코쵸코,강*우,전*연,오*름,박지우,박*라,김*학,
달짱,박*옥,밥톨,서*원,권*림,라미입니다,전*정,송*람,Jackpot333,까미튼이,정*례,손*주,푸둘,박*호,장*린,진*영,유*수,여*호,
신*주,김*홍,이*로,정*필,채*은,선*영,임수민,우쭈쭈체리,김혜진,남*정,심*임,유*아,이*원,전*주,정*경,Hye님,x*n,송*재,
우*길,신*미,쏘쏘쏘쏘,혜성맘스,이*용,러블리후,권민지,쀼쁘,이*지,수지a,장*성,조*진,쿠퍙중독,장*진,강*영,서*영,송*희,김*혁,
박*리,성*희,윤꿍꿍,껀어멈,쓰리탱,배*인,MR단비,이*라,바이스,강*진,장*수,이*빈,박*숙,설*주,정*윤,초심대박,,신*진,
공*희,기*정,달님이용,차*영,김*예,신동인,전*연,장*숙,김*빈,임*경,이*형,한*혜,조*우,박*분,Jackpot333,강*자,,C*A,
이*현,전*림,김*애,장*영,신*정,박*구,김*재,심*웅,L*U,L*U,송*화,장*원,최*윤,심*현,고*경,김군태,,김*태,
송*주,모모냥이네,윤소영,맹*실,로스트치킨,꾸마마밍,김선희,베리굿뜨,김*령,구*현,한*경,이*신,이*애,신*수,최*용,문*란,,이*복,
송*옥,니케니케니,천*미,노*정,하*지,문삼남매,손*림,람쥐당,문*숙,문*희,용*자,싹다무효,김*란,박*업,박*비,장*령,,c*i,
진이사랑,황*현,성*경,최*순,정*현,에페이야기,강*영,단골댁요,밍크쥔님,이*준,유*현,변*숙,이*현,백*석,지후대디,최*진,,유*호,
김*오,미미88,김*숙,투홍브라더,정*상,한*희,박*이,정*솔,전*현,설*준,정*준,문*아,정*화,황*정,이*돈,이*담,,안*은,
염*의,정*원,떠나요,쇼핑맘쓰,김*옥,최*숙,극세사담요,심*혜,THE,오*경,최*경,백*아,전*진,구*기,장*태,김*윤,,이*직,
김*승,쾡쾡,501호공주,유*승,이*지,김*솔,오*인,이*심,권*애,차돌도도,최현정,변*환,배*수,캐링,정*지,김현정,,서*아,
김*리,오*미,이*출,김*아,이*우,최*정,이*지,이*룡,종이학1235,박*숙,고*림,박*주,나무인형,안*수,이*성,김*준,,조*민,
이*란,안*비,건강한호두,정*경,skslqkqh,김*승,이*순,S*N,함*진,오*욱,한*훈,신*란,젼니,한*석,장*진,최*정,,윤*영,
조*형,서*정,AkiRH,캠시,빵떡이네,문*선,솜이네,클리니,황*주,Z*I,박*원,노*순,안*희,신*우,이*준,이*아,,l*i,
주*자,조*동,고*경,최*랑,박*준,양*진,표*주,형*은,헤드김,배*은,김*갑,연이qw,김*석,황*영,장*애,장*현,,강*,
북한산,최*석,류*선,황*화,양*윤,이지수,귀염둥팬치,아껴쓰자,강*원,조신하은,Dwj,한*정,정*우,황*자,박*남,남*주,,C*O,
공*아,윤*옥,이*나,장*정,유*분,전*순,만득2,임*은,솔직한련,전*임,유*민,이*천,오*자,방*진,강*령,신*미,,최*림,
최*원,녱,안*진,정*연,정*숙,J*N,리뷰쌉인정,양*효,차*수,쑥쑥이맘,노*구,킹스맘,장*선,배*숙,장*경,윤*경,,강*주,
임*임,강*미,조*성,송*현,정*정,안*철,최*현,반*현,그대로맘,박*희,조*순,권*선,사도사도또,허*서,반짝반짝이,한*석,,티미,
김*훈,신*화,고*균,안*현,쁘띠걸,금떡맘,서*숙,송*나,배*인,진*자,하*윤,박*린,고*아,임*실,성*희,최*경,,C*G,
딸기카롱,홍*주,박*주,손*호,문*연,이*원,최*빈,지*훈,조*숙,양산주민,손*경,전*현,조*정,오*석,권*일,양*원,,곽*순,
이*환,탈*원,솔직의정석,구*현,김아름드리,김*우,박*원,안주부,로딩,나*원,이*섭,녹차녹차,유*주,Z*U,유*목,유*연,,황*석,
채송이,포타,추*아,박*라,송*훈,홈플러스,쿠파앙인생,차*영,챠니이니,강*빈,김*만,이*나,손*화,최*혜,이*록,한*지,,,
임*진,아이유쉘,박*준,신*나,신*화,원*화,윤*겸,김*원,비와사랑,전*정,이*실,오*아,정*현,예*영,뚠뚜녀,왕*연,,,
정*례,Awoo,윤*정,박*주,이*섭,박*식,가*경,라떼중독,박*윤,엄*찬,정*미,임*화,민*호,최*형,한*조,김*빈,,,
이*인,매화꽃0316,문*영,Z*N,신*호,박*우,유*연,전*진,아만트라,김*훈,우*경,김*이,김*화,정*혜,강*인,,,,
신설,임*지,전*자,양*희,양*미,김*범,김*향,내가오니맘,팜므파탈송,랄라와,사*록,최*민,하*윤,장*아,이*빈,,,,
안*옥,주*기,최*안,에잇,오*연,권*정,김*나,강*리,뾰료료,차*영,양*윤,윤*영,장*라,장*실,변*빈,,,,
쭈뽀엄빠,박*실,남*현,지*순,쌈자를몰라,전*진,손*주,최*섭,유*해,강*민,하공주,박*선,하하9728,강*애,장*연,,,,
권*라,이*종,안*주,허*선,양*영,조*지,윤*기,윤*우,dlwlrma1,박*신,박*애,김*필,구*기,Anacapri,이*은,,,,
이*범,아이셋마더,신*리,깨굴,한*빈,김*랑,윤*주,안*창,이*목,서*정,김*,우*화,정*지,최*민,원*석,,,,
고*현,박*아,권*정,소*현,도봉맘,연이짱,권*경,조*용,cre,강남분홍,정*향,김*호,임*진,오*현,로뎀,,,,
최*수,키위토마토,전*선,맹*영,P*G,꽃졔,망해도법,전*애,신*호,손*우,심*정,신*경,오*환,이*애,아리멍멍,,,,
전*규,영보,연*빈,정*리,최*영,하얀박꽃님,신*영,박*형,정지은,조*정,쭈해미,오*월,이*욱,차차여름,강*경,,,,
박*선,양*숙,김*성,쟁반짜장,황*리,이*인,성*은,황*도,김*솔,홍*옥,서*주,이*자,이*승,이*신,S*E,,,,
허*실,최*희,조*현,별단미나,김*슬,kjuu,하하하지만,윤*정,심*복,황*숙,쮸님,배*현,양*영,현*실,강*미,,,,
정*운,유*현,박*자,마귀할망구,천사80,SHG,30s워킹맘,고*선,유*주,야발라바히,김*화,채*화,함*지,박*,권*영,,,,
정*우,지니진희,이*호,우*민,김*식,찐차,조*희,할리네,한*교,체리꽃,강개구리,박*권,전*옥,고*인,엄마꺼,,,,
샤릉흔다,임*정,김*옥,박*진,박*현,W*G,J*I,정*은,엄*정,윤*미,김*기,박*호,황*임,미아1,이*창,,,,
길*승,김*출,이*슬,사랑과이든,공*열,최*현,송*린,배*성,박*혜,쮸세상,H*i,안*숙,김*식,최*철,이*모,,,,
정*경,남*영,이*의,권*서,You14,야굴야굴,고로곳,뉴뉴1,서*수,강*희,주*식,우*영,유*상,정*진,유*연,,,,
방울도마도,강*욱,김*아,황*윤,김구름,젊은소녀,공주84,강*호,손*숙,김*자,엄*현,명*엽,안*원,이*율,전*경,,,,
너만보여,윤*희,물개옹,김*윤,용이찡,만다린요,유*미,염*현,시*진,베이비시터,강*애,권*미,이*빈,이*인,설*운,,,,
조*정,천사들,QminYH,이*재,꼴통2018,장*은,이*춘,하하자매네,유*호,K*N,손*지,추*자,권*혜,이*설,최*수,,,,
오라이,방*상,이*향,김다와,박*신,장*림,토레타찬,이*규,이*로,유*람,임*수,오*숙,박*원,박*길,김*철,,,,
Monika88,madeDAM,또닝,황*란,최*아,이*범,권*정,조*선,윤*미,박*록,김*산,오*나,정*니,허*욱,한*정,,,,
시니어스,김*춘,하늘을나는,신*주,김*근,박*현,달짱,최성철,박*은,허*,석류,안*영,최*실,노*승,문*호,,,,
김*옥,L*N,유*아,ehdehdaka,송*현,정*령,강*미,엄*은,51구역,손*정,스마일희,김*찬,채*목,차*화,최*주,,,,
박*정,가을스무디,리뷰몽이,예서마미,은*미,박*량,착짱죽짱,백*경,김*석,전*혜,이*노,이*연,강*성,한*경,김*회,,,,
고*이,Unboxer,선*진,강*주,송*하,임*숙,조*,박*지,레드클로버,권*익,백*엽,박*욱,김*준,소*수,변*희,,,,
쏭율,노*민,최*민,Mom맘,최*옥,마미걸,최*나,이지콩,조*쁨,전*우,이*열,최*이,정*진,함*정,고주방,,,,
양*혜,이*미,유망이,내꺼아니야,한*령,황*화,장*아,강*애,정*영,류*정,김*옥,유*영,이*지,je8494,오*진,,,,
akskdl11,데이지윤,쥬팡,배*연,엄*수,깨굴,석*현,PlUS9999,황*정,노*성,임*순,꼬미꼬미별,이*내,박*태,윤*성,,,,
박*덕,심*선,서*향,임*화,다롱이,박*은,하*정,장*진,김*순,정*하,박*섭,황혜림,나휘나,홍*영,김채성,,,,
소*섭,김포김여사,박재은,조*름,손*순,ivory0307,사*기,권*진,수림정,박*애,송*란,박*빈,핑핑아,윤*경,손*경,,,,
키큰친구,별248,룽이,현*영,한*진,송*진,안*현,황*경,윤*태,정*옥,탈*원,조*연,정*석,권*나,강*곤,,,,
류*오,김*라,김*림,양*미,강*진,정*인,송이현이,조*라,유*순,강*미,박기출,노*주,이*별,강*연,안*아,,,,
김*섭,김*더,박*길,IamSam,양*희,신*미,소*미,차*나,김*비,민*희,신*애,이*달,명*경,민*윤,jaeger,,,,
주*수,김*미,조*순,슈랭,서*례,지운맘,정*윤,나*솔,강*아,강*화,신디99,안*원,봉나,류*정,조*연,,,,
조*지,하하마미이,문*은,해온아빠,박*숙,최*기,배*랑,전*연,이*헌,소*진,안*기,양*기,정*연,이*라,모*주,,,,
박*하,이*형,오*경,서*화,탈*원,이*수,홍*정,실버스프링,mingOxOkee,송*영,조*경,최*정,최*름,젠젠친구,박*환,,,,
최*미,유*민,중개천사,지*주,곽*영,타요띠띠뽀,뜐뜐이,김희수,시혀니,안*민,채*현,강*영,최*정,손*진,쭈sz,,,,
정*진,최*한,김*동,꼰쥬어머님,엄*화,클로로,강*솔,황*원,홍*선,윤*정,정*선,고*혜,윤*래,이*복,문*림,,,,
강*진,개미퍼먹어,장윤호,오니우리,조*선,권*은,이*늘,주*선,김*인,황*하,GHOSTNA,뭘봐yo,안*강,남*정,임*민,,,,
강*혜,조*흠,최*균,URUJAY,박*애,최씨형제맘,오*지,이*재,최*호,2알린,권*숙,곽*섬,성*정,황*열,sopy3391,,,,
이*화,이*은,성*희,박*,내입에캔디,정*윤,노*선,박*이,송*현,최*운,노*연,혜민맘,조*윤,박*근,유라짱,,,,
홍*이,쏘쏘히,yeomy,길*리,강*란,장*옥,오*진,tomo554,이*욱,산물꽃,장*석,이*의,지*민,하*종,전*우,,,,
김*례,김*욱,안*정,샐리맘,김*서,J*I,장*별,쿠팽걸,이*화,지안0,정*석,박*온,땅콩젤리,유지민맘,SMMOMMY,,,,
문*숙,박*혜,김*임,유*희,박*인,서*정,임*희,샤니찐뺭,현*정,행콕이,배*욱,남*주,유*연,박미란,변*휘,,,,
최*혜,캣잎냥,짱짱짱20,이*남,audrey0214,김*,채*지,김*혁,박*근,권*자,박*연,시은짱,강*경,김*달,안*임,,,,
권*숙,마법융단,풋콩,X*N,마*희,하람맘마,배*영,배*아,변*미,안*은,송*은,조*희,김*겸,심*원,신*선,,,,
장*현,Hyooooo,이*실,박*호,백*아,신*종,aru,전*민,강*선,임*영,황*기,김*길,하*화,신*움,하*정,,,,
홍*혜,김*임,쿠피,김*우,이*,써봣숑,전*름,마징가,장*화,안*성,홍*수,뜨게질아짐,홍*미,최*인,서*필,,,,
손*미,tomo554,최*연,조*희,김*조,tan,김*빈,유*욱,조*연,윤*영,양*숙,엄*용,김*련,정*완,뱅크랑,,,,
J*A,노*영,오*정,질풍노도,크롭스,내심장써니,최*희,오*현,유*현,박*,김*정,정*심,권*희,최*구,1050507,,,,
신*훈,은우짱,새벽별강,엄*희,장*현,서*우,jmt평가사,정*율,L*G,송*주,김*예,황*경,솔수르,강*선,정*길,,,,
뽀숑뽀숑,백*경,정*재,정*정,황*영,최*,주*경,포동포동J,김*림,유*,순식간,부*아,안*일,이*녀,박*순,,,,
정*교,이*호,순두엄마,hhh2,방*홍,서*미,똘이야,sally21,강*민,mkeve,지*진,송*민,전*금,배*연,이*란,,,,
신*준,정*라,레스진,밍밍공주,윤찬희,양*은,한*희,우*미,한*옥,허*혜,서*신,채*은,안*영,임*지,문*영,,,,
심*진,이*동,임*은,김*솔,호두마리,김*석,홍*진,윤*일,눈의여왕님,박*수,이*아,꼬꼬정,김*형,Emma87,서*현,,,,
신코코,suny4587,꾸리꾸리꿀,한*필,지니진희,김*애,보고싶지호,이*이,최*실,정*선,주*순,진*옥,함*라,박*원,우*원,,,,
배*주,장*향,김*훈,쏘쏘쏘쏘,뷔뷔안,C*I,이*관,전*자,고*자,K*H,강*미,조*영,주*지,민*아,변*건,,,,
양*선,왕*은,박*이,포놔,찌니,한*리,문*화,황*숙,노*희,딸랑꽁,허*애,심*동,박*조,하*정,클래시안,,,,
박*승,노*정,배*주,든든한날,황*지,심*수,백*희,김*환,뿌르륵,김*란,변*섭,성*희,백*이,정*운,박*내,,,,
홍*아,구*모,손*진,정*현,빵빵03,낭만다람쥐,천*진,김*자,이*명,장*아,호*혜,김*성,김*권,박*옥,엄*윤,,,,
치킨널겟,최*원,강하라,민*희,설*진,조*옥,배*은,가뿐,하*은,문*애,오*진,summer,김*훈,황*미,천*영,,,,
유빈03,최경화,고야옹,하*희,홍*숙,띵동이네,김*주,앙마야,임금,나랑놀자,이*름,조*옥,애용이,박*성,민*기,,,,
이*아,조*영,뚜루뚜뚜우,서*해,달루나,손*문,황*영,정*국,김차차,장*미,남*옥,감사함으로,김*용,윤*진,송*의,,,,
커피향기,임*조,김지아,요리녀,김민희,김*관,나나집사,박*령,엘리우,김*재,SHIMSTAR,로켓배,조*석,win,정*하,,,,
김*하,정*영,김*리,전*희,이*슬,김*성,고*영,성*륜,오*진,노*미,임*일,심*정,ciiiiaooo,장*선,차*실,,,,
이*경,김*리,양*희,패디,우아한나,정*수,조*현,천*호,오후 4:00,한*연,전*필,이*조,박*령,김*애,김*임,,,,
엄*님,Danhana,장*주,꽃게맘,별꽃s,최*라,이*의,송*철,정*주,H8n,권*언,목련이,구매후기77,성*하,정*연,,,,
최*선,조*림,황*송,알로하우먼,진솔녀,이수연,PLUMTIC,조*미,시작하는,이*애,박*운,정*경,윤*우,곽*례,육*희,,,,
전*영,권*연,강*인,장*애,떵글뱅이,엄*선,그랑조오,김*아,송*신,송*윤,박*훈,이*엽,최*리,리니유니,이*목,,,,
또리맘1,박유아,박*아,이*혜,팡쿠우먼,깡돌마미,행복하세욥,조*숙,신*주,나*희,맹*희,여*영,정*은,김*언,변*원,,,,
박*혜,엄마의힘,박*민,조*성,박*정,키키단,유*원,정*애,장*수,박*호,전*명,조*령,이*진,류*영,최*술,,,,
장*경,손*연,권*연,강*미,김*니,이*윤,신*현,신*학,윤영미,신*정,박*경,마니사,임*슬,방구뿡,조*성,,,,
황*영,조망고,장*영,윤*정,청순한,별단미나,김*남,허*미,윤*름,부*영,magichour,이*지,주*택,홍*표,지름신No1,,,,
육아둘마미,텅장24호,김파란,박*우,초초할미,문*라,송*선,DewDew,김*자,김*기,방앗간,안*진,조*쁨,최*자,박*재,,,,
쩌리윤,코코냔냐,Plainview,투윤맘님,현*유,노*혜,한*수,박*민,몽실통통,박*주,문*란,임*,차*현,손*희,유*준,,,,
이*호,정*주,김*복,송*경,라일락88,최*지,라임취리히,운동싫다,주*정,세르,L*a,양*문,배*호,원*영,J*N,,,,
배*환,박*환,금버섯,김*리,왕*윤,투윤맘님,강*라,류*임,김*롱,전*내,이*철,싱닝,콤맘,최*희,엄*령,,,,
임*혜,박*나,유*옥,류*경,임*현,곤지,장*승,우*성,이*배,여*희,신*호,박*련,백연꽃,신*진,우*제,,,,
서*연,오*숙,소소한삶,형광머리앤,홍*혜,백*정,구*경,임*주,조*미,진*희,안*철,양*영,김*숙,전*인,백*현,,,,
개빈,찰싹찰싹,윤*영,인*진,김*성,김*춘,방소연,룰루랄라쩡,정*순,신*혜,장*연,이*환,임*인,정*훈,강*구,,,,
박*실,유비네,랄라맘,하*하,차*영,장*경,김*름,삼남매맘85,최*숙,이*슬,차*덕,전*숙,밀덕,임*영,Goleneye,,,,
강*수,하*진,손*영,민*,달빛노을,EBBO1004,추*정,오*환,조*하,문*윤,G*U,이쁜이왕비,임*형,오*선,정*진,,,,
신*정,전*경,봄2봄2,김*휘,최*은,한*미,나*정,배*균,서*숙,김*양,박*수,화이트닝,이*숙,전*학,답게,,,,
김*아,장*아,문*호,양*현,엄*영,손*지,우*희,박*영,조*규,최*나,손*구,류*성,곽*섭,정*선,남*정,,,,
박*운,백*정,한송이,서*지,최*진,이은지,유*,송*름,동꽃샛,송*화,장*선,찹쌀도너츠,조*리,설*호,노*윤,,,,
빨강쿠쿠,서*향,최*은,박*임,밍꽁이,강*미,최*영,박*경,배*영,이*비,서*심,김*종,Gogo3311,선*희,임*옥,,,,
쿠피,탁콩,윤*선,윤*영,신*진,박*혁,달빛루다,조*름,차민,김*라,안*빈,심*숙,아나스타샤,dori,또사버린나,,,,
백*숙,임*재,박*정,주니랑이맘,아임해피맘,뽀끼윱,전*른,김*익,박*림,백*미,권*희,이*형,오*희,임*연,조*란,,,,
조*숙,강*정,김*선,술퍼공쥬,여*연,사랑과이든,진*현,빨간토깽이,안*균,라이또,백*진,미니보리,강*천,동*정,박*자,,,,
Ice효주,배*진,유*경,김*실,강*덕,차차형제맘,장*원,정*연,손*호,김*림,안*영,윤*선,현*민,김*화,현*수,,,,
고*경,임*영,탁*영,이*은,조망고,박*경,안*원,한*구,남*금,최*린,조폭왕초,X*N,박*규,Joy2120,백*숙,,,,
이*나,신*숙,신*주,한*이,조*아,sjkeum,다겨미,귀찮다람,임*윤,h*n,양*지,이*기,유*라,유*순,지용마미,,,,
신*재,박*희,정*주,Sky사랑,배*연,진*정,쫄비,우*경,청초걸,쿠팡실구매자,한*구,양*주,정*미,지니럽럽,전*수,,,,
임*신,정*나,작은개,최*은,조*정,현s맘,권*형,앙큼여훗,성*정,장군잉,김*동,동*화,에띠엄빠,노*도,이*령,,,,
강*출,오*일,양*현,김*란,냥청미,김*월,둘리친구야,한*람,황*아,이*석,정*영,이*분,유*순,송*찬,김*름,,,,
C*N,김*성,조*실,유*주,J*G,정*주,오*희,안*국,모*진,con90,박*초,전*영,고*선,김*철,녕너넹,,,,
다긔,이*나,김*윤,주*식,최*임,박*희,원*연,조*형,qwerty00,주말여유,채*미,조*경,서*양,최*영,꽃똥,,,,
마눌님,뭐라노,조*란,송*욱,허*숙,딸둘맘맘,habing,임*희,최*은,최*진,인*성,임재숙,조*웅,소*신,조*현,,,,
이*주,김*결,사방사방,환이형제맘,순돌이엄니,라미마미,윤*아,임*완,김*양,박*준,홍*숙,권*숙,유*아,동*순,장*남,,,,
토마토토,미소가득,벨로아,눈텅,윤*준,나타라쟈,이*령,유*아,수환이,T*G,길*종,장*성,박*혜,황*숙,임*화,,,,
유*옥,신*주,정*진,미까리,장*희,인둥이,왕타조,유*숙,가을엄마,강시은,송*애,신*화,서*나,한*민,양*희,,,,
김냐냐,9999k,쵸오,김*광,O*G,곽*영,SuminY,곽*미,복받으라,S란2,삐빰빔,정*비,안*민,아르리요,박*례,,,,
조*국,오*경,이*림,박*남,차*로,정*재,좋아쭈,김*하,김*리,남*준,한*은,조*현,심*경,정*여,윤*덕,,,,
파이321,하유다유,한*진,전*나,김*대,찌냄,이*란,이*석,나X희,김*원,김*명,까칠한OrOi,제이야,정*헌,오*택,,,,
김*화,정*훈,July18,큰복이맘,박*림,빡혜,uwagi,진*민,조*라,유*한,박*현,홍*미,료쿄,Hyoena,이*호,,,,
유*인,전*화,밤의여왕,심*선,대복맘,분홍공주,본쓰본쓰,김체린,도*리,민*선,이*현,시온어네,김*우,정*주,김*대,,,,
백*엽,최*진,김*태,오*주,청주거사,부기맘,데일리J,조*성,쿱파아앙,전*주,양*정,김*결,박*덕,이*욱,케이제이,,,,
정*희,빵떡이네,강*경,카시오,사*영,유*주,기미스,윤*미,윤*화,빼빼샵,김*길,장*수,송*언,박*향,찐또배기,,,,
노*하,쌩끗,꽃같아라,고*정,조*주,이다희,황*혜,정*미,변*연,고*윤,한*화,서*천,전*용,송*현,유*미,,,,
김*비,정*완,아타몬,쩡쩡긔,손*영,최*희,신*라,최*경,신*하,달콤이엄마,조*연,조*,CDMK,이*오,흐,,,,
김혜진,구*연,최*인,문*라,이*조,김*숙,엘와이,권*훈,최*혜,박*하,이*지,조*지,천*일,한*림,에임쓰,,,,
정*아,아자아줌,강*희,박*민,김*은,양*석,권*은,탈*원,구*정,문*진,우*상,김*일,이*솔,몽이누나다,우*민,,,,
선*지,F*U,진*훈,황*순,이*순,박*형,떼굴떼굴,배*숙,서*현,엄*윤,김*신,정*혜,이*아,주*영,백*영,,,,
가보트,손*예,허*연,윤*은,현*옥,리니마마,임*민,박소연,싱글초보,김*석,안*순,문*그,위*우,이*지,이*학,,,,
곽콩이네,쿠세쿠세,분홍보리,무수한별,허*원,Aa21840,정*아,장*은,david06,진*영,임*진,고*란,유*은,홍*석,금수니,,,,
차*진,정*랑,하*현,이*님,최*림,사랑남매,정*경,박*리,김*관,배*영,Steml,변*정,허*정,최*미,김*창,,,,
최*,진*래,이*을,한*주,강*름,고*희,임*선,임*솜,gj0000,안*옥,이*얀,등신불,정*찬,윤*미,이*,,,,
핑크지니,류*영,복*희,옥이네단골,콩순이짱,앙꼬맘,mkeve,김*술,아좋팡쿠,김*우,박*우,스콘,박*민,배*현,양*훈,,,,
코크다스2,최*인,최*이,클리니,김*송,권*희,도*래,김*이,김*,김*욱,정*자,정*남,유*근,박*미,채*정,,,,
당근s2,이*교,돈까스좋아,토유맘,서*덕,야발라바히,오*산,윤*현,전*란,오*숙,이*식,문*순,신*리,박*순,강은지,,,,
까쨩,이*솜,남*정,유*민,호큐,김*근,임비단,김*엽,윤*삼,배가고프다,안*숙,ss167,박*총,김*운,배*후,,,,
cobain,윤*원,이*득,Yujinlove,사라진돈,노*예,변*정,임*연,오*란,H*A,뱅붕,이*수,배*은,이*경,silsil,,,,
송*준,꽁냥꼰냥,전*옥,김*래,우니쭈니,현정솔후,원*경,설앵초,etoiles,j*i,조*애,김*용,전*준,오*정,여*희,,,,
인터나루,윤*진,이*명,현정솔후,조*수,소둥이네,윤*지,진*근,부*린,곽*정,최*화,홍*영,김*섭,영천갑부,양*영,,,,
오백원,임*범,심*영,정*린,초록이,손*슬,공*진,전*찬,황*지,노*선,오*숙,한정판,황*진,박*석,김*용,,,,
하얀시계,최*얀,배*아,안은정,박*한,임*민,stardust11,이*훈,허*선,밤톨도토리,정*혁,주*연,황*롱,최*선,오*주,,,,
송파줌마,황*하,이*하,찡그시,람동이네,배*정,조*별,인찬솔,규들맘,임*진,백*숙,김*욱,최*순,공*언,손*영,,,,
안*희,정*리,마일로Milo,김*민,쪼물쪼물,윤*원,Hr81,sorjgkwk,안*주,로켓년,문*진,박*순,채*정,도요새,성*승,,,,
지*란,박*순,김*우,우*선,황*슬,강*희,숩난,보노봉,유*선,윤*별,윤*기,여우비네,A*A,박*상,정*,,,,
고고배배,하*연,서*리,석이찬이,밤하늘달,윤*혜,내맴대루,손*태,권*원,T*u,송*훈,박*자,그룻으,이*성,강*관,,,,
박*미,제*진,땅끝마을,임*식,jhlee,황*경,포블리,신*라,방*호,김*수,차*순,양*우,조*욱,J*n,뽀요용,,,,
라떼중독,여*진,최*희,나*선,안*정,112222,김*숙,송*영,DDP언니,편*연,신*선,박*훈,도*아,채*윤,홍*정,,,,
고*미,배*아,이*아,루야,ssoyul,박*란,한*림,차*희,강*경,최*남,뚝뚝배기,정*순,민*혜,L*G,피쓰,,,,
키로,박*복,suny4587,정*이,구*수,최*경,하*진,난우수고객,백*희,이*우,최*용,jb413,이*실,곽*숙,라*산,,,,
서*우,신*민,서*엘,분홍공주,류*경,최*은,임*경,명*,박*애,이*인,이*구,김*준,장*성,김*웅,임*식,,,,
샤오,체스코니,키ki,오키더키,조*희,박*빈,현브로,박*난,김*태,웅잉링,서*희,남*옥,aekyomass,김*신,문*태,,,,
최*연,최*영,정*호,투하맘,김*건,신*희,양*리,김광현,전*덕,여*영,신*경,최*현,내맴대루,L*I,안*정,,,,
행운터넷,현정솔후,임*호,신*경,이*화,꽃게맘,양*지,강*진,Heavenly,초롱구찌맘,전*준,박*범,채*름,임*섭,배*진,,,,
정*준,immumu,블루마임,오*기,손*선,꾸니,소중한오늘,임*수,최*진,이*대,서*환,김*권,정*나,진*한,유*근,,,,
황*숙,문*윤,김건호,최*교,박*영,쿱팡팡,전*나,김*준,유*이,홍*영,이*환,푸쿠,송*정,p*d,최*나,,,,
ssoohee,성*아,최*화,송*훈,유*별,꿍이야,K*H,조*령,홍*의,권*성,신*숙,Gwt,배*혜,J*I,잘나가요,,,,
대리만족,서*나,sung982000,강*연,하*선,윤*희,장*은,이*진,최*하,차*경,박*남,최*경,최*재,조*경,김*욱,,,,
박*옥,이*규,김*수,지*인,성*경,보미다미S2,홍*현,성공v,로켓타고,배*,우*금,정*옥,오*택,크팡메니아,조*임,,,,
오드투,차*훈,알파카파요,박*섭,정*경,민*섭,inovia,최*원,만두랑공유,김*빈,P*E,김*범,강*아,전*미,고*희,,,,
냠냐2,내심장써니,밤밤,곽*윤,강*정,김*욱,박*남,김*혜,핫트뿅뿅,플렉승,꾸리뽀,양*연,김*인,D*C,이*규,,,,
박*석,임*경,정*아,한*나,정*진,이*옥,정*라,오*비,강*미,김*곤,조*금,신*미,조*택,신*숙,성*진,,,,
김지유,최*람,인*원,theLove,미순18,천*희,신*란,천*철,조*아,맹*범,하트뿅88,변*욱,정*윰,고*리,국*희,,,,
쿠별,백설언니,최*구,찬우아빠,꼴통맘,이*경,SHO,민*혜,황*경,까치리리,정*라,조*람,Kupang노예,용*화,김*식,,,,
김*라,미음미음,꽃샘더위,박*리,Hyunvely,김*화,장*경,왕*림,동0라미,신*승,이*상,하*경,정*욱,강*화,유*우,,,,
박*빈,금빙,꽃꽃밭,구*정,Top500,소밍대밍,황*윤,최*아,지*민,여우지니,신*섭,김*환,우*나,강*옥,박*용,,,,
홍*환,채*문,쿠우팡중독,김*형,전*주,서*준,이*빈,양*호,김*서,염*선,윤*윤,김*훈,류*옥,박*열,이*리,,,,
엄*은,이*슬,피SH,진*미,최*연,ronny,애나,장*미,엄*성,혜하구,정*심,김*곤,임*희,이*윤,정*철,,,,
전*수,윤*하,신*현,YunDaeng,김*하,오*주,김*원,윤*경,임*희,대박여우,양*혜,육*,고*국,전*선,홍*근,,,,
황*솜,태링링,태왕사신,김*라,홍줌,장*영,유*영,홍*숙,홍*혜,L*I,강*임,X*a,이*명,김*조,박*혁,,,,
신*연,강*지,김*건,유*아,이*준,이*령,욱슈,윤*라,구*애,맹*호,신*옥,서*혜,정*운,고*라,L*I,,,,
부평형사JK,신*나,향지향,조*재,서*민,이*라,안*옥,홍*영,소녀지몽,유*빈,최*선,신*정,양*미,백*미,전*숙,,,,
박*지,내일더젊게,J*G,곽*문,고고빠삐용,손*진,최*름,웨딩파티,정*진,손*희,신*희,정*전,고*미,이*자,황*중,,,,
이*행,한*현,박*순,조*연,커피발,최*리,이*소,이*리,최*성,주*희,곽*희,정*,김*근,박*슬,하*아,,,,
차민,지*,배*미,빈이린이맘,하*진,오*민,윤*진,윤*주,강*수,sugarbunny,도울,박*윤,윤*정,조*빈,김*애,,,,
필로시코스,황*철,루나엄마,정*비,임*수,럭셔리갱,MysteryOf,류*아,의산,안*슬,문*숙,김*주,임*근,김*태,박*일,,,,
이거조하,윤*혜,주*영,reeum,이*숙,장*름,똔똔잉,우*석,이*효,양*빈,정조준,뷰티소나무,샤갈304,권*원,요미모찌,,,,
편*,임*향,손지훈,아핫핫핫,제*린,전*혜,정*미,이진경,임*균,나*하,박*호,김*돈,강*태,O*Y,강*덕,,,,
오*관,그랫,박*우,반짝슬이맘,오*란,반*미,홍프레,황*모,이*란,전*경,원*재,양꼬닭,떫은감,KIM ALINA,박*윤,,,,
임*라,최*숙,MysteryOf,L*I,박*혜,홍*희,신*진,양*근,경단을냠냠,송*,조*삼,배*완,김*롱,이*우,박*건,,,,
베이지,안*롱,량량,신*정,홍*현,김*란,장*나,강*성,박*찬,쪼맨이쁜,박*환,강*순,신*영,N*u,도*주,,,,
광화문살롱,Parsley0,김*이,엄마코끼리,이*언,은형제mom,김*섭,김*욱,방*경,홍*호,양*자,박*애,조*범,S*N,이*석,,,,
윤*열,진*덕,김*욱,구미연,손*복,Lakeshiny,안*환,박*주,율맘이,해피대박,오*자,유*균,박*겸,이*혜,송*란,,,,
Y*A,이*민,서*갑,서*미,은*화,콩마미,달샤벳,강*주,구매자다,아리랑아지,심*숙,한*라,수수강냉이,이*빈,서*람,,,,
솔트프리,임*진,채*우,권*선,백*녀,박*하,유*해,백*선,남*라,이*순,강*연,송*철,강*솔,김*교,박*성,,,,
정*향,이지선,Parsley0,장*림,신*경,곽에스더,5387,안*현,해후,홍*주,이*은,송*창,황*지,정*환,유*라,,,,
세희a,고*김,윤*조,정*향,최미희,김*순,Lee150500,김*람,쿠피,Z*N,황*원,최*섭,홍*수,강*봉,양*,,,,
조*복,호달,원*인,코주부,김*림,이*안,호이호이훗,노*민,신*이,최*민,김*름,박*복,하*태,백*주,배*여,,,,
김*중,윤*엘,이*승,배*은,이*리,꼬꼬둥이맘,박*래,이*자,안*숙,신*송,임*윤,정*난,고*성,임*우,현*훈,,,,
장*라,표*영,반디울,김*홍,고*아,hjh1411,최*은,지*아,홍*숙,최*심,Karessma,주*환,노*일,H*E,어른이에요,,,,
재간둥이남,소라고동,동동애미,김*별,앤2,강*득,임*혜,유*창,권*숙,오*라,임*승,장*화,방*진,H*O,주아조아,,,,
무진심,봄2봄2,장*은,조*나,엄*희,누미쿙,쿠팡실구매자,박*용,김*원,씩꾸릿,김*하,박*남,김*림,윤*온,전*민,,,,
정*선,김바라,정선야홍,곱셈구구,황*은,엄*진,김*패,Eunmom,꿍아,최*지,백*한,신*은,홍*빈,황*희,정*현,,,,
끄적이는중,심*림,구찌프라다,권*정,쿤냥,장*훈,오후네,고*진,윤*조,전*민,최*자,나*연,홍*희,안*민,안경쓴패티,,,,
신*애,조마녀,박*근,강*경,박*렴,튼튼율맘,박*빈,정*경,냐옹이쪼아,망고럽,오호오호호,하*봉,박*선,홍*희,이*윤,,,,
류*희,곽*지,김*실,이*형,봉*은,박*인,유*슬,류*관,강*혜,권*은,김*완,최*막,윤*영,안*정,노을속여울,,,,
우*구,이미다른,최*현,신*민,Z*G,정*영,임*현,애봉씌,임*옥,조*옥,신*정,전*열,구*영,소*아,소*정,,,,
신*원,이*근,배*하,함*은,우*기,레몬밤,마*영,선*란,빵순이지요,임*주,조*정,신*순,전*갑,임*근,조*의,,,,
이*욱,임*현,황*서,강*희,이한정,황*대,정*선,노*진,전*서,최*란,황*주,안*연,백*경,소*회,앵그리참새,,,,
하찌콩,이*모,박*승,장*근,송*연,용양닭,조*안,유*경,조*주,홍*숙,고*민,정*준,서*일,최*길,한*,,,,
Lovelyhyun,베리베리윤,양*훈,고*진,제*현,김뺭뺭,한*우,표*주,변*호,조*솔,박*회,이정연,이*울,N*A,임*규,,,,
오*미,배둘레햄,하*정,김*례,정*,신*정,유*희,HJ바라기,김*성,두*,노현화,MICHA,강*숙,문*완,장*현,,,,
선*애,원*룡,강*민,박*경,솔찌칸후기,강*애,기억전달자,백*나,하얀시계,고*자,백*윤,서*현,채*호,정*남,권*홍,,,,
쿧팡맨,양*경,장*옥,신*희,정*순,차*정,이*규,연*흠,최*한,샤콘드,신*광,한*자,이*운,고*우,임*리,,,,
정*님,chromatix,밤톨도토리,전*영,권*환,레몬씩,이*님,백*임,박*빈,익룡,주*영,박*수,이*은,문*찬,정*상,,,,
유*춘,황*온,조*솜,조*선,백*순,핫태마눌,구*은,태*웅,요비,Q*A,이*욱,송*하,천*주,안*환,LOGY,,,,
황*미,김*이,반*현,리밈,엄*숙,채*숙,박*선,황*은,브라잇썬,돌고래2771,최하나,최*구,박*아,잠시만,김*근,,,,
이*후,오*은,탈*원,정*늘,호숫가래퍼,홍*은,얄리랼랴,임*욱,또오또오오,박*란,J*N,함*미,송*규,표*정,굴러간돌,,,,
고*은,김종해,최*주,전*혜,이*사,akskdl11,로젠탈,손*민,김*종,김*화,장*향,지*주,노*현,주*인,나*하,,,,
김*인,김*래,이*정,백*진,최*정,허*,정*,신*원,순심이냥,남*수,블루마임,서*숙,길*희,제*선,안*원,,,,
한*욱,초콜릿킬러,갱갱2,김*신,김*선,꼬끼옼,차*화,할뚜이떠,땡큐ThankU,전*배,이*길,차*연,홍*민,쇼핑남2,이*용,,,,
구*숙,대박멋진삶,심*주,윤*화,지나93,유*미,김가희,서*선,권*순,정*순,양*희,차*희,권*림,구*회,강*혜,,,,
안*연,멋진하루,오*화,최*지,박*지,김*로,조*선,방*순,배*훈,고*혜,김*제,반*석,김*황,남*현,Sara30,,,,
닉넴엄떠요,김*자,김*하,명*이,쵸쵸쵸,박*선,S*A,신*영,조*덕,별점은요,이*헌,엄*숙,홍*진,송*숙,김*유,,,,
catherine0,손*숙,탁콩,최*아,장*재,yulia12,권*진,차*미,삐까뻔쩍,신*화,김*채,윤*초,안*주,홍*신,주*진,,,,
박복희,전*영,W*N,뚜이뚜이맘,진*순,곽안나,박*예,임*지,엄*희,Z*G,우*희,권*은,김현수수,호*빈,고*정,,,,
이지영,성*정,이*람,현*홍,임*란,김*찬,정*단,홍*창,조*을,조*진,류*준,박*국,탱부인,오*영,이*언,,,,
KDG,한*남,주*진,황*현,조*화,임*원,최*순,신*경,이*애,문*선,윤덕림,정*라,이*표,고*근,유*림,,,,
하*정,쪼망아,슬림,박*윤,박*곤,황*향,심*영,무지개빛,원*정,장*현,손가락세상,현*,지*숙,오*호,오*옥,,,,
곽*영,스티,독갬,임*경,이*훈,나*진,오*은,바닐라뽀,하늘구름45,서*주,안*아,손*미,박*지,장*옥,구*지,,,,
임*,유*선,손*희,토르어머니,aok,Green0409,윤*연,천*종,초연,이*옥,허*은,홍*훈,전*선,문*모,허*영,,,,
맑은동네,정*지,곽*영,Y*A,송*례,조*향,혜교엄마,황*예,강*향,칰킨이,한*수,로켓조아연,김*름,서*정,,,,,
천*주,우주탐험걸,10o,배*영,윤*은,문*아,강*주,오*희,달빛노을,염*희,장*하,우*춘,명*미,송*미,,,,,
쿠파앙닉넴,설*환,심*희,진우마미,김*택,박*미,뿌링클2,조*빈,이*옥,최*숙,임*희,공*석,최*인,또순이엣지,,,,,
황*하,둥두루둥둥,전*,임*란,강*자,조*미,박*윤,박*란,권*미,해몽추,손*석,박*환,강*철,전*웅,,,,,
박*총,박가희,ssue1002,이*순,윤*연,유마미,이*훈,piaomeihua,들꿏여인,조*기,S*i,박*율,ayeonhe,명*우,,,,,
정*호,들꽃친구,뿡뿡스,구*호,권*옥,도*후,여*진,이*우,모리,이*학,정*혜,현*주,신*훈,조*현,,,,,
백공,양*희,윤*진,송*선,C*G,고*정,백*주,권*선,이*용,황*정,이*조,짱뽀,차*나,김*림,,,,,
원*협,꼬마래빗,김*섭,여긴어디,이*애,S*E,청아영,구*회,비융비융,류*일,윤*훈,우*상,이*규,고*례,,,,,
권*림,II노을,노노프,장*원,현현파파,꼬꼬맹이,정*재,장*정,이*선,배*선,김*현,유*수,고*일,배*진,,,,,
김*란,노*아,권*선,김*하,최*훈,김*원,곽*진,고*희,홍*훈,정*미,유*한,박*화,전*록,김*만,,,,,
노*정,클리니,황*형,김*성,류*리,송*종,전*영,모*리,뱅이,P*I,Q*G,새벽두시반,백*미,아쫑아쫑,,,,,
윤*진,권*영,고*란,강*혜,심*룡,김*언,nessa,살림백단,나*임,용이아빠,날마다기쁨,홍*남,정*옥,김*덕,,,,,
권*현,dori,A*N,hjh1411,정선야홍,보고또봐,죠쓰,안*지,겸디졔,송*민,윤*수,조*수,장*희,신*분,,,,,
설*정,신*진,박*솔,유*기,안*현,송*양,한*연,박*래,유*미,우*미,조*헌,엄*현,배*현,안*주,,,,,
안*선,까미n후추,조*주,nr,샤랄라j,P*G,온*영,박*수,정*정,백*재,차*경,남*현,임*은,허*,,,,,
강*영,김*수,장*란,박*자,한*연,채*연,서*진,허*진,luckyjujoo,조*언,여름아,유*순,조*아,정*자,,,,,
이*정,윤*섭,조*희,장*해,아이스카페,양*아,김*행,오*후,민*준,,서*수,최*천,권*아,최*삼,,,,,
성*경,유*은,박*숙,구*영,오*미,크로우즈20,주*호,이*환,황*화,,한*정,,달빛어린,정*희,,,,,
박*우,문*연,콘디,김*도,정*영,손*주,DAON1012,카르면,남*미,,이*우,,장*주,미세스양,,,,,
조*아,안*현,박*수,아랍왕자,유*해,조*선,정*권,렌벨라,오*정,,엄*자,,류*인,이*실,,,,,
한*숙,이*숙,조*선,갑돌갑순맘,조*창,강*인,오*숙,노*정,정*애,,홍*권,,박*섭,심*진,,,,,
박*언,이*하,남*온,강*옥,세이렌,밥이동이맘,임*순,정*수,배*경,,송*룡,,최*석,C*G,,,,,
강*희,이*윤,누룽구름,윤*국,원*리,핫딜조아,백*영,김*용,구*회,,윤*선,,정*승,박*조,,,,,
내가써봤다,홍*화,서*경,정*룡,이*강,박*수,구*미,짱짱짠,권*희,,문*순,,whatobuluh,L*N,,,,,
서*대,배*주,Simple2,이*윤,노*경,허*수,신*민,송*빈,박*연,,요사한,,유*미,문*지,,,,,
유*상,흐김자요정,최*철,양*정,백*현,H*A,박*인,한*자,장*인,,,,안*숙,Q공주님,,,,,
DDoRA,도움되기를,david06,오*화,주깽,잉양,원두짱,구*진,심*진,,,,강*전,방*구,,,,,
알쓸신잡,최*남,설챈s,정*나,강*나,강*란,심*정,이*인,남*옥,,,,이*섭,이*각,,,,,
팽*진,장*희,이*홍,박*란,이*기,yka,보보미,맹라이트,김*형,,,,세체니스,못생긴쌩얼,,,,,
minhee0,정*은,전*진,박*순,박재은,한*주,임*지,임*안,yoooom,,,,윤*진,노*옥,,,,,
도움되기를,정*길,박*애,송*연,쿠팡실구매자,신*선,이*벽,전*선,장*남,,,,유*림,신*화,,,,,
유*민,이*라,안*원,도똥맘,서울고객,정*정,이*이,이*순,서*성,,,,안*지,황*혜,,,,,
권*걸,꼰쥬어머님,최*진,내분신햇님,신*숙,밍밍01,신*나,장*목,나*란,,,,김*혜,P*A,,,,,
김*호,절대믿음,이*환,양*령,고*훈,성*진,전*람,김*유,김*우,,,,박*름,차*훈,,,,,
강*숙,수레국화,이*란,샤랄라,붱,양*희,노*진,최*범,임*미,,,,장*민,K*A,,,,,
박*수,김*익,홍*연,미소천사e,이우성,오*근,노*숙,윤*숙,서*진,,,,,아리아리랑,,,,,
윤*리,미삐맘,한*지,이*의,탁*은,슈퍼뽀로로,장*우,표*방,임*철,,,,,서*용,,,,,
조*주,뱃살부자,신*지,김*원,장*림,서*호,황*연,엽기적마녀,이*윤,,,,,유*호,,,,,
강형규,송*미,조*리,김영광,황*현,이*우,양*인,한*우,밍아맘,,,,,간매리,,,,,
김*봉,떠나요,킹맨119,신*애,정*나,조*희,히뱌뱌뱌뱌,손*심,Jenny77,,,,,조*구,,,,,
신*옥,솜구름,선*희,치치푸,기*은,임*호,마하율,박*하,이*문,,,,,이*재,,,,,
으앗모야,감*우,박*오,허*희,오정식,이*호,윤*남,이*준,강*윤,,,,,길*희,,,,,
설*옥,전*정,김*종,서*서,진*미,류*람,최*늬,박*혜,박*난,,,,,김*옥,,,,,
조*근,김*규,문*경,딸2아들1맘,박*일,임*연,즐건하르,염*선,정*숙,,,,,Y*o,,,,,
한*호,ggok,강*혜,이*람,설*숙,최*우,JessieJ,임*남,서*우,,,,,최*윤,,,,,
김*안,조*욱,문*애,최*희,미키키,유*지,윤*빛,권*철,한*화,,,,,윤*영,,,,,
인형의아이,조*량,민트비타민,해피뫔,진*석,남매Mom,이*운,이*아,최*연,,,,,이*규,,,,,
김*운,ramvelry,진민영,소금인횽,표*업,뿅뿅잉잉,민*은,행복하자궁,정*솜,,,,,김*관,,,,,
유*종,송*름,수강,여우구름,hs하이디,강*아,강*희,김*근,오*은,,,,,정*봉,,,,,
홍*미,임*미,,심*연,임*경,강*은,Na유니맘,임*아,채*은,,,,,손*옥,,,,,
구*경,최*식,,문*규,전*서,이*남,랄라블라,날고싶은나,전*영,,,,,Q*E,,,,,
곽*진,구*영,,핫딜좋아아,행갱,안*화,김*셉,김*윤,임*석,,,,,이*훈,,,,,
HommeFatal,정*희,,최*정,뽀곰뽀곰,부평형사JK,회색다람쥐,문*희,이*길,,,,,Z*N,,,,,
신*범,황*정,,박*선,이*형,진*미,황*림,김*석,오*희,,,,,P*I,,,,,
moondi,달콤달달,,강*석,김*이,박*라,오롤롤롤러,심*연,윤*희,,,,,,,,,,
양*정,베넷,,W*N,이모쟁스,배*미,임*윤,김*철,박*호,,,,,,,,,,
양*은,서*희,,,이*미,서*근,박*주,김*한,아랑별,,,,,,,,,,
신*숙,임*연,,,한*옥,하*재,강*지,C*G,길*경,,,,,,,,,,
박*광,신*라,,,심*관,후블리링맘,알뜰고객,한*주,이*비,,,,,,,,,,
양*석,최*서,,,즐삶,king71,정*진,유*미,짠짜라짠짜,,,,,,,,,,
임*나,뀨뀨까까깍,,,허*관,정*애,오앤블,박*애,리향이,,,,,,,,,,
이*석,박*근,,,곽*순,한*아,박*민,토유맘,진*자,,,,,,,,,,
myromang,최*훈,,,김*란,랄라블라,윤*숙,Cy6348,김*분,,,,,,,,,,
오*남,루리리,,,손*주,노*영,배*아,전*화,유*환,,,,,,,,,,
안*숙,문*은,,,이*선,윤이린이맘,여*희,레몬팡야,배*나,,,,,,,,,,
강*열,이명희,,,김*훈,강*구,나*주,안*실,가리맘,,,,,,,,,,
최영식,고*정,,,김현정,허*철,이*아,,백*정,,,,,,,,,,
똥강or지,조*울,,,고*숙,,맘줌마,,장*현,,,,,,,,,,
남*건,엄*현,,,러블리진e,,진*연,,편*령,,,,,,,,,,
전병일,R*K,,,한*애,,김*,,안*,,,,,,,,,,
jejufriend,정뽀롱,,,Z*N,,삐뽀뽕,,정*윤,,,,,,,,,,
김창숙,정*임,,,밤토리엄마,,백*진,,황*식,,,,,,,,,,
함*희,송*영,,,김*현,,오*연,,주*선,,,,,,,,,,
오로라2,임*은,,,김*복,,,,오동상회,,,,,,,,,,
정의의이름,윤*정,,,20대구매자,,,,백*실,,,,,,,,,,
데미테르,신*균,,,유*경,,,,홀리데이,,,,,,,,,,
차*철,반*미,,,자영이,,,,조*은,,,,,,,,,,
갑순이,정*미,,,오*경,,,,말랭이만두,,,,,,,,,,
송*영,강철의지,,,안*혜,,,,엄마지,,,,,,,,,,
푸푸미,지용마미,,,문*진,,,,장*옥,,,,,,,,,,
야부키,여보세에용,,,여니e,,,,jjangga,,,,,,,,,,
윤*정,쿠오오오팡,,,양*경,,,,,,,,,,,,,,
임*숙,Coconee,,,천도,,,,,,,,,,,,,,
전*학,밍꽁이,,,정*옥,,,,,,,,,,,,,,
박*숙,쿠우팡쪼아,,,꼰쥬어머님,,,,,,,,,,,,,,
앙팡3,현*숙,,,황*림,,,,,,,,,,,,,,
박*욱,이*실,,,도*라,,,,,,,,,,,,,,
쿠퍼,정*모,,,한*운,,,,,,,,,,,,,,
최*섭,스파클링,,,개여울,,,,,,,,,,,,,,
배*정,장*순,,,강*성,,,,,,,,,,,,,,
보은203010,민*숙,,,권*원,,,,,,,,,,,,,,
하*진,정*식,,,남*원,,,,,,,,,,,,,,
백*종,신*재,,,이*극,,,,,,,,,,,,,,
이*해,황*일,,,혜진c,,,,,,,,,,,,,,
김*완,김*배,,,호룰루,,,,,,,,,,,,,,
크림하우스,박*화,,,지*영,,,,,,,,,,,,,,
박*진,이*이,,,왕*빈,,,,,,,,,,,,,,
이*섭,하늘바보,,,이*일,,,,,,,,,,,,,,
보글보글2,찹쌀떡2,,,소박한주부,,,,,,,,,,,,,,
이*애,조*래,,,유*혜,,,,,,,,,,,,,,
유*원,이맥주,,,윤*미,,,,,,,,,,,,,,
남*나,주*경,,,어*,,,,,,,,,,,,,,
박*윤,지*영,,,Rikki,,,,,,,,,,,,,,
C*A,송*진,,,김*덕,,,,,,,,,,,,,,
크리스틴M,정*향,,,이*헌,,,,,,,,,,,,,,
하*경,wooya,,,뫙언니,,,,,,,,,,,,,,
장아영,정*선,,,윤*성,,,,,,,,,,,,,,
서*름,이*외,,,핑크여사,,,,,,,,,,,,,,
살고양,윤*라,,,낄라꿀라,,,,,,,,,,,,,,
정*화,강*덕,,,천국소망,,,,,,,,,,,,,,
이*서,곽*연,,,정*리,,,,,,,,,,,,,,
옥상고고,홍*희,,,한지뢀,,,,,,,,,,,,,,
김*조,별다리,,,정*훈,,,,,,,,,,,,,,
송*대,조*옥,,,장*아,,,,,,,,,,,,,,
,무수한별,,,박*경,,,,,,,,,,,,,,
,정*석,,,안*름,,,,,,,,,,,,,,
,,,,마*리,,,,,,,,,,,,,,
,,,,비숑프리제,,,,,,,,,,,,,,
,,,,박*원,,,,,,,,,,,,,,
,,,,권*미,,,,,,,,,,,,,,
,,,,서*은,,,,,,,,,,,,,,
,,,,보리보리y,,,,,,,,,,,,,,
,,,,꼬다리,,,,,,,,,,,,,,
,,,,유*호,,,,,,,,,,,,,,
,,,,안*영,,,,,,,,,,,,,,
,,,,손*우,,,,,,,,,,,,,,
,,,,솔메이트,,,,,,,,,,,,,,
,,,,hohowojja,,,,,,,,,,,,,,
,,,,백*원,,,,,,,,,,,,,,